REGIONID,YEAR_MONTH,total_daylight_intervals,count_below_0,pct_below_0,count_below_neg10,pct_below_neg10,count_below_neg20,pct_below_neg20,count_below_neg30,pct_below_neg30,count_below_neg40,pct_below_neg40,count_below_neg50,pct_below_neg50,count_below_neg60,pct_below_neg60,count_below_neg70,pct_below_neg70,count_below_neg80,pct_below_neg80
NSW1,2019-05,2976,0,0.0,0,0.0,0,0.0,0,0.0,0,0.0,0,0.0,0,0.0,0,0.0,0,0.0
NSW1,2019-06,2880,1,0.03,0,0.0,0,0.0,0,0.0,0,0.0,0,0.0,0,0.0,0,0.0,0,0.0
NSW1,2019-07,2976,1,0.03,0,0.0,0,0.0,0,0.0,0,0.0,0,0.0,0,0.0,0,0.0,0,0.0
NSW1,2019-08,2976,18,0.6,3,0.1,0,0.0,0,0.0,0,0.0,0,0.0,0,0.0,0,0.0,0,0.0
NSW1,2019-09,2880,15,0.52,5,0.17,5,0.17,5,0.17,1,0.03,0,0.0,0,0.0,0,0.0,0,0.0
NSW1,2019-10,2976,8,0.27,3,0.1,1,0.03,1,0.03,0,0.0,0,0.0,0,0.0,0,0.0,0,0.0
NSW1,2019-11,2880,0,0.0,0,0.0,0,0.0,0,0.0,0,0.0,0,0.0,0,0.0,0,0.0,0,0.0
NSW1,2019-12,2976,0,0.0,0,0.0,0,0.0,0,0.0,0,0.0,0,0.0,0,0.0,0,0.0,0,0.0
NSW1,2020-01,2976,5,0.17,3,0.1,3,0.1,2,0.07,2,0.07,2,0.07,2,0.07,2,0.07,1,0.03
NSW1,2020-02,2784,1,0.04,0,0.0,0,0.0,0,0.0,0,0.0,0,0.0,0,0.0,0,0.0,0,0.0
NSW1,2020-03,2976,2,0.07,0,0.0,0,0.0,0,0.0,0,0.0,0,0.0,0,0.0,0,0.0,0,0.0
NSW1,2020-04,2880,71,2.47,36,1.25,19,0.66,11,0.38,0,0.0,0,0.0,0,0.0,0,0.0,0,0.0
NSW1,2020-05,2976,9,0.3,0,0.0,0,0.0,0,0.0,0,0.0,0,0.0,0,0.0,0,0.0,0,0.0
NSW1,2020-06,2880,0,0.0,0,0.0,0,0.0,0,0.0,0,0.0,0,0.0,0,0.0,0,0.0,0,0.0
NSW1,2020-07,2976,24,0.81,4,0.13,1,0.03,0,0.0,0,0.0,0,0.0,0,0.0,0,0.0,0,0.0
NSW1,2020-08,2976,9,0.3,2,0.07,0,0.0,0,0.0,0,0.0,0,0.0,0,0.0,0,0.0,0,0.0
NSW1,2020-09,2880,15,0.52,1,0.03,1,0.03,0,0.0,0,0.0,0,0.0,0,0.0,0,0.0,0,0.0
NSW1,2020-10,2976,6,0.2,2,0.07,0,0.0,0,0.0,0,0.0,0,0.0,0,0.0,0,0.0,0,0.0
NSW1,2020-11,2880,5,0.17,5,0.17,4,0.14,4,0.14,1,0.03,0,0.0,0,0.0,0,0.0,0,0.0
NSW1,2020-12,2976,3,0.1,2,0.07,1,0.03,1,0.03,1,0.03,1,0.03,1,0.03,1,0.03,1,0.03
NSW1,2021-01,2976,2,0.07,1,0.03,1,0.03,1,0.03,0,0.0,0,0.0,0,0.0,0,0.0,0,0.0
NSW1,2021-02,2688,0,0.0,0,0.0,0,0.0,0,0.0,0,0.0,0,0.0,0,0.0,0,0.0,0,0.0
NSW1,2021-03,2976,4,0.13,0,0.0,0,0.0,0,0.0,0,0.0,0,0.0,0,0.0,0,0.0,0,0.0
NSW1,2021-04,2880,136,4.72,75,2.6,60,2.08,49,1.7,13,0.45,4,0.14,0,0.0,0,0.0,0,0.0
NSW1,2021-05,2976,13,0.44,5,0.17,4,0.13,2,0.07,0,0.0,0,0.0,0,0.0,0,0.0,0,0.0
NSW1,2021-06,2880,2,0.07,1,0.03,0,0.0,0,0.0,0,0.0,0,0.0,0,0.0,0,0.0,0,0.0
NSW1,2021-07,2976,87,2.92,44,1.48,42,1.41,32,1.08,10,0.34,10,0.34,8,0.27,8,0.27,7,0.24
NSW1,2021-08,2976,405,13.61,261,8.77,190,6.38,125,4.2,51,1.71,36,1.21,27,0.91,22,0.74,11,0.37
NSW1,2021-09,2880,781,27.12,540,18.75,411,14.27,304,10.56,74,2.57,21,0.73,14,0.49,7,0.24,2,0.07
NSW1,2021-10,2976,722,24.26,592,19.89,538,18.08,436,14.65,132,4.44,32,1.08,14,0.47,3,0.1,0,0.0
NSW1,2021-11,2880,236,8.19,199,6.91,165,5.73,148,5.14,28,0.97,3,0.1,1,0.03,0,0.0,0,0.0
NSW1,2021-12,2976,133,4.47,90,3.02,75,2.52,73,2.45,15,0.5,3,0.1,3,0.1,3,0.1,3,0.1
NSW1,2022-01,2976,8,0.27,7,0.24,6,0.2,6,0.2,2,0.07,2,0.07,2,0.07,2,0.07,2,0.07
NSW1,2022-02,2688,92,3.42,61,2.27,53,1.97,51,1.9,9,0.33,5,0.19,5,0.19,4,0.15,4,0.15
NSW1,2022-03,2976,5,0.17,2,0.07,2,0.07,2,0.07,2,0.07,1,0.03,1,0.03,1,0.03,1,0.03
NSW1,2022-04,2880,10,0.35,4,0.14,4,0.14,4,0.14,4,0.14,0,0.0,0,0.0,0,0.0,0,0.0
NSW1,2022-05,2976,1,0.03,1,0.03,1,0.03,1,0.03,0,0.0,0,0.0,0,0.0,0,0.0,0,0.0
NSW1,2022-06,2880,27,0.94,17,0.59,15,0.52,11,0.38,7,0.24,0,0.0,0,0.0,0,0.0,0,0.0
NSW1,2022-07,2976,50,1.68,28,0.94,25,0.84,21,0.71,3,0.1,0,0.0,0,0.0,0,0.0,0,0.0
NSW1,2022-08,2976,217,7.29,170,5.71,157,5.28,140,4.7,86,2.89,6,0.2,0,0.0,0,0.0,0,0.0
NSW1,2022-09,2880,541,18.78,466,16.18,427,14.83,393,13.65,316,10.97,167,5.8,66,2.29,13,0.45,0,0.0
NSW1,2022-10,2976,352,11.83,307,10.32,271,9.11,250,8.4,202,6.79,153,5.14,120,4.03,30,1.01,3,0.1
NSW1,2022-11,2880,593,20.59,434,15.07,389,13.51,335,11.63,264,9.17,180,6.25,91,3.16,11,0.38,0,0.0
NSW1,2022-12,2976,977,32.83,658,22.11,579,19.46,492,16.53,376,12.63,251,8.43,56,1.88,1,0.03,1,0.03
NSW1,2023-01,2976,233,7.83,181,6.08,168,5.65,152,5.11,113,3.8,64,2.15,5,0.17,0,0.0,0,0.0
NSW1,2023-02,2688,287,10.68,202,7.51,194,7.22,187,6.96,170,6.32,103,3.83,18,0.67,4,0.15,2,0.07
NSW1,2023-03,2976,185,6.22,133,4.47,118,3.97,92,3.09,32,1.08,0,0.0,0,0.0,0,0.0,0,0.0
NSW1,2023-04,2880,391,13.58,338,11.74,316,10.97,284,9.86,212,7.36,116,4.03,63,2.19,27,0.94,1,0.03
NSW1,2023-05,2976,61,2.05,40,1.34,31,1.04,24,0.81,9,0.3,0,0.0,0,0.0,0,0.0,0,0.0
NSW1,2023-06,2880,136,4.72,103,3.58,93,3.23,78,2.71,62,2.15,1,0.03,0,0.0,0,0.0,0,0.0
NSW1,2023-07,2976,476,15.99,375,12.6,346,11.63,293,9.85,247,8.3,79,2.65,8,0.27,0,0.0,0,0.0
NSW1,2023-08,2976,524,17.61,417,14.01,375,12.6,265,8.9,191,6.42,55,1.85,1,0.03,0,0.0,0,0.0
NSW1,2023-09,2880,1131,39.27,1026,35.62,945,32.81,738,25.62,698,24.24,486,16.88,95,3.3,19,0.66,1,0.03
NSW1,2023-10,2976,1462,49.13,1364,45.83,1274,42.81,1033,34.71,940,31.59,474,15.93,48,1.61,10,0.34,0,0.0
NSW1,2023-11,2880,501,17.4,422,14.65,374,12.99,242,8.4,124,4.31,39,1.35,0,0.0,0,0.0,0,0.0
NSW1,2023-12,2976,632,21.24,588,19.76,471,15.83,362,12.16,203,6.82,14,0.47,3,0.1,0,0.0,0,0.0
NSW1,2024-01,2976,138,4.64,114,3.83,86,2.89,50,1.68,31,1.04,15,0.5,12,0.4,11,0.37,10,0.34
NSW1,2024-02,2784,194,6.97,152,5.46,89,3.2,51,1.83,20,0.72,0,0.0,0,0.0,0,0.0,0,0.0
NSW1,2024-03,2976,410,13.78,336,11.29,244,8.2,126,4.23,103,3.46,2,0.07,1,0.03,0,0.0,0,0.0
NSW1,2024-04,2880,489,16.98,377,13.09,231,8.02,127,4.41,97,3.37,2,0.07,0,0.0,0,0.0,0,0.0
NSW1,2024-05,2976,107,3.6,74,2.49,45,1.51,20,0.67,9,0.3,0,0.0,0,0.0,0,0.0,0,0.0
NSW1,2024-06,2880,156,5.42,115,3.99,86,2.99,67,2.33,46,1.6,0,0.0,0,0.0,0,0.0,0,0.0
NSW1,2024-07,2976,290,9.74,248,8.33,166,5.58,108,3.63,71,2.39,0,0.0,0,0.0,0,0.0,0,0.0
NSW1,2024-08,2976,914,30.71,817,27.45,741,24.9,655,22.01,553,18.58,191,6.42,9,0.3,7,0.24,0,0.0
NSW1,2024-09,2880,1633,56.7,1468,50.97,1398,48.54,1269,44.06,1054,36.6,314,10.9,15,0.52,0,0.0,0,0.0
NSW1,2024-10,2976,1097,36.86,1065,35.79,1033,34.71,916,30.78,654,21.98,142,4.77,7,0.24,1,0.03,1,0.03
NSW1,2024-11,2880,590,20.49,549,19.06,488,16.94,377,13.09,63,2.19,2,0.07,1,0.03,0,0.0,0,0.0
NSW1,2024-12,2976,1080,36.29,1025,34.44,928,31.18,704,23.66,104,3.49,3,0.1,3,0.1,2,0.07,2,0.07
NSW1,2025-01,2976,1051,35.32,1017,34.17,889,29.87,578,19.42,40,1.34,0,0.0,0,0.0,0,0.0,0,0.0
NSW1,2025-02,2688,902,33.56,862,32.07,799,29.72,483,17.97,64,2.38,22,0.82,9,0.33,1,0.04,1,0.04
NSW1,2025-03,2976,704,23.66,589,19.79,474,15.93,16,0.54,3,0.1,0,0.0,0,0.0,0,0.0,0,0.0
NSW1,2025-04,2880,879,30.52,766,26.6,629,21.84,134,4.65,0,0.0,0,0.0,0,0.0,0,0.0,0,0.0
NSW1,2025-05,2976,594,19.96,533,17.91,347,11.66,1,0.03,0,0.0,0,0.0,0,0.0,0,0.0,0,0.0
NSW1,2025-06,2880,230,7.99,186,6.46,67,2.33,2,0.07,0,0.0,0,0.0,0,0.0,0,0.0,0,0.0
NSW1,2025-07,2976,466,15.66,350,11.76,52,1.75,0,0.0,0,0.0,0,0.0,0,0.0,0,0.0,0,0.0
NSW1,2025-08,2976,800,26.88,574,19.29,47,1.58,11,0.37,0,0.0,0,0.0,0,0.0,0,0.0,0,0.0
NSW1,2025-09,2880,2042,70.9,1749,60.73,446,15.49,131,4.55,3,0.1,1,0.03,1,0.03,1,0.03,1,0.03
NSW1,2025-10,2976,1781,59.85,1447,48.62,514,17.27,181,6.08,10,0.34,5,0.17,4,0.13,4,0.13,3,0.1
NSW1,2025-11,2880,2152,74.72,1551,53.85,460,15.97,115,3.99,40,1.39,28,0.97,11,0.38,8,0.28,8,0.28
NSW1,2025-12,2976,1487,49.97,688,23.12,209,7.02,129,4.33,29,0.97,7,0.24,4,0.13,4,0.13,4,0.13
NSW1,2026-01,2976,537,18.04,79,2.65,6,0.2,4,0.13,3,0.1,3,0.1,3,0.1,3,0.1,3,0.1
NSW1,2026-02,2688,270,10.04,43,1.6,6,0.22,1,0.04,1,0.04,1,0.04,1,0.04,0,0.0,0,0.0
NSW1,2026-03,2976,402,13.51,8,0.27,0,0.0,0,0.0,0,0.0,0,0.0,0,0.0,0,0.0,0,0.0
QLD1,2019-05,2976,6,0.2,3,0.1,3,0.1,3,0.1,3,0.1,3,0.1,3,0.1,3,0.1,3,0.1
QLD1,2019-06,2880,30,1.04,26,0.9,25,0.87,25,0.87,25,0.87,25,0.87,25,0.87,24,0.83,24,0.83
QLD1,2019-07,2976,35,1.18,31,1.04,30,1.01,26,0.87,26,0.87,26,0.87,26,0.87,24,0.81,14,0.47
QLD1,2019-08,2976,236,7.93,195,6.55,191,6.42,166,5.58,159,5.34,120,4.03,111,3.73,108,3.63,52,1.75
QLD1,2019-09,2880,476,16.53,388,13.47,380,13.19,303,10.52,303,10.52,201,6.98,187,6.49,186,6.46,85,2.95
QLD1,2019-10,2976,201,6.75,189,6.35,177,5.95,165,5.54,160,5.38,123,4.13,62,2.08,61,2.05,14,0.47
QLD1,2019-11,2880,131,4.55,116,4.03,114,3.96,93,3.23,91,3.16,37,1.28,11,0.38,11,0.38,2,0.07
QLD1,2019-12,2976,1,0.03,0,0.0,0,0.0,0,0.0,0,0.0,0,0.0,0,0.0,0,0.0,0,0.0
QLD1,2020-01,2976,9,0.3,7,0.24,7,0.24,5,0.17,4,0.13,4,0.13,3,0.1,3,0.1,2,0.07
QLD1,2020-02,2784,1,0.04,0,0.0,0,0.0,0,0.0,0,0.0,0,0.0,0,0.0,0,0.0,0,0.0
QLD1,2020-03,2976,61,2.05,49,1.65,41,1.38,39,1.31,25,0.84,19,0.64,14,0.47,14,0.47,3,0.1
QLD1,2020-04,2880,84,2.92,35,1.22,25,0.87,10,0.35,4,0.14,4,0.14,3,0.1,3,0.1,0,0.0
QLD1,2020-05,2976,411,13.81,288,9.68,274,9.21,234,7.86,162,5.44,115,3.86,82,2.76,81,2.72,21,0.71
QLD1,2020-06,2880,437,15.17,198,6.88,171,5.94,153,5.31,42,1.46,39,1.35,30,1.04,30,1.04,0,0.0
QLD1,2020-07,2976,252,8.47,118,3.97,107,3.6,99,3.33,42,1.41,27,0.91,26,0.87,26,0.87,4,0.13
QLD1,2020-08,2976,739,24.83,637,21.4,609,20.46,505,16.97,237,7.96,114,3.83,83,2.79,83,2.79,4,0.13
QLD1,2020-09,2880,710,24.65,643,22.33,592,20.56,456,15.83,143,4.97,65,2.26,60,2.08,60,2.08,4,0.14
QLD1,2020-10,2976,504,16.94,398,13.37,370,12.43,328,11.02,120,4.03,68,2.28,65,2.18,63,2.12,14,0.47
QLD1,2020-11,2880,145,5.03,117,4.06,94,3.26,91,3.16,28,0.97,23,0.8,21,0.73,21,0.73,8,0.28
QLD1,2020-12,2976,13,0.44,10,0.34,8,0.27,8,0.27,3,0.1,3,0.1,3,0.1,3,0.1,1,0.03
QLD1,2021-01,2976,1,0.03,1,0.03,1,0.03,1,0.03,0,0.0,0,0.0,0,0.0,0,0.0,0,0.0
QLD1,2021-02,2688,0,0.0,0,0.0,0,0.0,0,0.0,0,0.0,0,0.0,0,0.0,0,0.0,0,0.0
QLD1,2021-03,2976,63,2.12,36,1.21,34,1.14,31,1.04,25,0.84,24,0.81,13,0.44,13,0.44,4,0.13
QLD1,2021-04,2880,378,13.12,247,8.58,216,7.5,178,6.18,120,4.17,102,3.54,80,2.78,76,2.64,16,0.56
QLD1,2021-05,2976,479,16.1,374,12.57,346,11.63,276,9.27,201,6.75,167,5.61,84,2.82,75,2.52,21,0.71
QLD1,2021-06,2880,205,7.12,148,5.14,141,4.9,75,2.6,56,1.94,46,1.6,42,1.46,41,1.42,16,0.56
QLD1,2021-07,2976,382,12.84,220,7.39,211,7.09,184,6.18,53,1.78,44,1.48,40,1.34,38,1.28,21,0.71
QLD1,2021-08,2976,698,23.45,479,16.1,415,13.94,356,11.96,116,3.9,78,2.62,59,1.98,56,1.88,15,0.5
QLD1,2021-09,2880,1279,44.41,968,33.61,874,30.35,769,26.7,391,13.58,318,11.04,181,6.28,165,5.73,81,2.81
QLD1,2021-10,2976,1091,36.66,943,31.69,919,30.88,839,28.19,360,12.1,261,8.77,203,6.82,158,5.31,54,1.81
QLD1,2021-11,2880,475,16.49,388,13.47,381,13.23,359,12.47,203,7.05,120,4.17,80,2.78,64,2.22,6,0.21
QLD1,2021-12,2976,107,3.6,69,2.32,58,1.95,52,1.75,5,0.17,0,0.0,0,0.0,0,0.0,0,0.0
QLD1,2022-01,2976,3,0.1,3,0.1,2,0.07,2,0.07,0,0.0,0,0.0,0,0.0,0,0.0,0,0.0
QLD1,2022-02,2688,86,3.2,57,2.12,47,1.75,41,1.53,6,0.22,0,0.0,0,0.0,0,0.0,0,0.0
QLD1,2022-03,2976,41,1.38,24,0.81,20,0.67,18,0.6,11,0.37,3,0.1,1,0.03,1,0.03,0,0.0
QLD1,2022-04,2880,8,0.28,4,0.14,3,0.1,3,0.1,2,0.07,2,0.07,2,0.07,1,0.03,1,0.03
QLD1,2022-05,2976,30,1.01,14,0.47,9,0.3,6,0.2,3,0.1,1,0.03,1,0.03,1,0.03,1,0.03
QLD1,2022-06,2880,191,6.63,94,3.26,79,2.74,59,2.05,40,1.39,12,0.42,5,0.17,5,0.17,0,0.0
QLD1,2022-07,2976,147,4.94,75,2.52,57,1.92,31,1.04,12,0.4,0,0.0,0,0.0,0,0.0,0,0.0
QLD1,2022-08,2976,912,30.65,805,27.05,730,24.53,674,22.65,592,19.89,310,10.42,100,3.36,63,2.12,13,0.44
QLD1,2022-09,2880,818,28.4,692,24.03,628,21.81,584,20.28,508,17.64,233,8.09,56,1.94,7,0.24,3,0.1
QLD1,2022-10,2976,386,12.97,333,11.19,290,9.74,272,9.14,227,7.63,149,5.01,63,2.12,10,0.34,3,0.1
QLD1,2022-11,2880,692,24.03,485,16.84,432,15.0,388,13.47,312,10.83,134,4.65,63,2.19,10,0.35,0,0.0
QLD1,2022-12,2976,1115,37.47,726,24.4,634,21.3,487,16.36,403,13.54,226,7.59,72,2.42,5,0.17,1,0.03
QLD1,2023-01,2976,297,9.98,212,7.12,187,6.28,156,5.24,117,3.93,52,1.75,13,0.44,0,0.0,0,0.0
QLD1,2023-02,2688,417,15.51,255,9.49,242,9.0,215,8.0,176,6.55,22,0.82,1,0.04,0,0.0,0,0.0
QLD1,2023-03,2976,458,15.39,339,11.39,316,10.62,285,9.58,210,7.06,28,0.94,22,0.74,21,0.71,19,0.64
QLD1,2023-04,2880,779,27.05,676,23.47,602,20.9,475,16.49,282,9.79,107,3.72,57,1.98,5,0.17,0,0.0
QLD1,2023-05,2976,735,24.7,570,19.15,459,15.42,272,9.14,109,3.66,1,0.03,0,0.0,0,0.0,0,0.0
QLD1,2023-06,2880,530,18.4,433,15.03,411,14.27,335,11.63,97,3.37,3,0.1,0,0.0,0,0.0,0,0.0
QLD1,2023-07,2976,1064,35.75,914,30.71,891,29.94,750,25.2,395,13.27,39,1.31,0,0.0,0,0.0,0,0.0
QLD1,2023-08,2976,2017,67.78,1846,62.03,1779,59.78,1423,47.82,1183,39.75,139,4.67,1,0.03,0,0.0,0,0.0
QLD1,2023-09,2880,2300,79.86,2127,73.85,2086,72.43,1345,46.7,1332,46.25,308,10.69,54,1.88,14,0.49,2,0.07
QLD1,2023-10,2976,2424,81.45,2257,75.84,2137,71.81,1494,50.2,1401,47.08,227,7.63,11,0.37,2,0.07,0,0.0
QLD1,2023-11,2880,1088,37.78,879,30.52,807,28.02,337,11.7,154,5.35,0,0.0,0,0.0,0,0.0,0,0.0
QLD1,2023-12,2976,1023,34.38,817,27.45,736,24.73,383,12.87,276,9.27,9,0.3,0,0.0,0,0.0,0,0.0
QLD1,2024-01,2976,250,8.4,160,5.38,120,4.03,20,0.67,3,0.1,0,0.0,0,0.0,0,0.0,0,0.0
QLD1,2024-02,2784,355,12.75,275,9.88,222,7.97,48,1.72,18,0.65,0,0.0,0,0.0,0,0.0,0,0.0
QLD1,2024-03,2976,635,21.34,479,16.1,404,13.58,60,2.02,29,0.97,0,0.0,0,0.0,0,0.0,0,0.0
QLD1,2024-04,2880,952,33.06,870,30.21,756,26.25,357,12.4,208,7.22,1,0.03,0,0.0,0,0.0,0,0.0
QLD1,2024-05,2976,1363,45.8,1276,42.88,1002,33.67,685,23.02,529,17.78,111,3.73,53,1.78,51,1.71,35,1.18
QLD1,2024-06,2880,1209,41.98,1171,40.66,703,24.41,577,20.03,247,8.58,0,0.0,0,0.0,0,0.0,0,0.0
QLD1,2024-07,2976,997,33.5,902,30.31,580,19.49,509,17.1,274,9.21,2,0.07,0,0.0,0,0.0,0,0.0
QLD1,2024-08,2976,1526,51.28,1425,47.88,1136,38.17,1048,35.22,640,21.51,128,4.3,13,0.44,13,0.44,7,0.24
QLD1,2024-09,2880,2410,83.68,2352,81.67,2213,76.84,2109,73.23,1566,54.37,121,4.2,32,1.11,29,1.01,22,0.76
QLD1,2024-10,2976,2307,77.52,2271,76.31,2121,71.27,1957,65.76,1123,37.74,59,1.98,15,0.5,0,0.0,0,0.0
QLD1,2024-11,2880,1100,38.19,1073,37.26,957,33.23,779,27.05,64,2.22,9,0.31,6,0.21,5,0.17,4,0.14
QLD1,2024-12,2976,1096,36.83,1060,35.62,956,32.12,827,27.79,68,2.28,16,0.54,16,0.54,13,0.44,11,0.37
QLD1,2025-01,2976,1416,47.58,1385,46.54,1336,44.89,904,30.38,3,0.1,0,0.0,0,0.0,0,0.0,0,0.0
QLD1,2025-02,2688,1264,47.02,1238,46.06,1164,43.3,424,15.77,31,1.15,0,0.0,0,0.0,0,0.0,0,0.0
QLD1,2025-03,2976,1064,35.75,1009,33.9,924,31.05,152,5.11,0,0.0,0,0.0,0,0.0,0,0.0,0,0.0
QLD1,2025-04,2880,1306,45.35,1186,41.18,920,31.94,86,2.99,0,0.0,0,0.0,0,0.0,0,0.0,0,0.0
QLD1,2025-05,2976,750,25.2,674,22.65,294,9.88,36,1.21,0,0.0,0,0.0,0,0.0,0,0.0,0,0.0
QLD1,2025-06,2880,978,33.96,906,31.46,410,14.24,31,1.08,0,0.0,0,0.0,0,0.0,0,0.0,0,0.0
QLD1,2025-07,2976,1503,50.5,1305,43.85,343,11.53,123,4.13,45,1.51,0,0.0,0,0.0,0,0.0,0,0.0
QLD1,2025-08,2976,2098,70.5,2001,67.24,798,26.81,701,23.56,159,5.34,1,0.03,1,0.03,0,0.0,0,0.0
QLD1,2025-09,2880,2553,88.65,2434,84.51,966,33.54,516,17.92,109,3.78,40,1.39,34,1.18,32,1.11,23,0.8
QLD1,2025-10,2976,2318,77.89,2091,70.26,698,23.45,455,15.29,57,1.92,0,0.0,0,0.0,0,0.0,0,0.0
QLD1,2025-11,2880,2069,71.84,1599,55.52,409,14.2,117,4.06,3,0.1,0,0.0,0,0.0,0,0.0,0,0.0
QLD1,2025-12,2976,1773,59.58,766,25.74,189,6.35,104,3.49,1,0.03,0,0.0,0,0.0,0,0.0,0,0.0
QLD1,2026-01,2976,753,25.3,22,0.74,3,0.1,1,0.03,0,0.0,0,0.0,0,0.0,0,0.0,0,0.0
QLD1,2026-02,2688,528,19.64,41,1.53,21,0.78,6,0.22,0,0.0,0,0.0,0,0.0,0,0.0,0,0.0
QLD1,2026-03,2976,721,24.23,71,2.39,29,0.97,2,0.07,0,0.0,0,0.0,0,0.0,0,0.0,0,0.0
SA1,2019-05,2976,109,3.66,89,2.99,87,2.92,87,2.92,33,1.11,33,1.11,33,1.11,33,1.11,33,1.11
SA1,2019-06,2880,54,1.88,31,1.08,31,1.08,31,1.08,31,1.08,31,1.08,31,1.08,22,0.76,22,0.76
SA1,2019-07,2976,166,5.58,116,3.9,110,3.7,104,3.49,74,2.49,68,2.28,67,2.25,56,1.88,55,1.85
SA1,2019-08,2976,419,14.08,339,11.39,338,11.36,335,11.26,278,9.34,273,9.17,189,6.35,175,5.88,130,4.37
SA1,2019-09,2880,432,15.0,364,12.64,362,12.57,356,12.36,317,11.01,312,10.83,200,6.94,197,6.84,190,6.6
SA1,2019-10,2976,485,16.3,342,11.49,327,10.99,322,10.82,301,10.11,297,9.98,278,9.34,266,8.94,263,8.84
SA1,2019-11,2880,423,14.69,359,12.47,355,12.33,353,12.26,340,11.81,329,11.42,248,8.61,243,8.44,242,8.4
SA1,2019-12,2976,157,5.28,60,2.02,49,1.65,44,1.48,36,1.21,35,1.18,24,0.81,22,0.74,22,0.74
SA1,2020-01,2976,196,6.59,125,4.2,119,4.0,119,4.0,48,1.61,42,1.41,42,1.41,36,1.21,36,1.21
SA1,2020-02,2784,375,13.47,359,12.9,358,12.86,356,12.79,198,7.11,177,6.36,176,6.32,170,6.11,167,6.0
SA1,2020-03,2976,156,5.24,79,2.65,77,2.59,76,2.55,67,2.25,67,2.25,62,2.08,62,2.08,60,2.02
SA1,2020-04,2880,216,7.5,98,3.4,81,2.81,60,2.08,28,0.97,27,0.94,24,0.83,23,0.8,21,0.73
SA1,2020-05,2976,169,5.68,59,1.98,47,1.58,39,1.31,28,0.94,22,0.74,21,0.71,20,0.67,18,0.6
SA1,2020-06,2880,39,1.35,26,0.9,22,0.76,21,0.73,11,0.38,9,0.31,9,0.31,9,0.31,5,0.17
SA1,2020-07,2976,88,2.96,57,1.92,47,1.58,44,1.48,18,0.6,16,0.54,16,0.54,15,0.5,8,0.27
SA1,2020-08,2976,356,11.96,282,9.48,280,9.41,276,9.27,120,4.03,118,3.97,54,1.81,47,1.58,44,1.48
SA1,2020-09,2880,926,32.15,781,27.12,772,26.81,734,25.49,374,12.99,337,11.7,296,10.28,295,10.24,276,9.58
SA1,2020-10,2976,674,22.65,567,19.05,542,18.21,526,17.67,319,10.72,277,9.31,255,8.57,254,8.53,244,8.2
SA1,2020-11,2880,558,19.38,459,15.94,448,15.56,439,15.24,246,8.54,208,7.22,141,4.9,140,4.86,134,4.65
SA1,2020-12,2976,1011,33.97,837,28.12,804,27.02,777,26.11,481,16.16,386,12.97,319,10.72,314,10.55,311,10.45
SA1,2021-01,2976,973,32.69,809,27.18,745,25.03,657,22.08,346,11.63,284,9.54,239,8.03,228,7.66,225,7.56
SA1,2021-02,2688,913,33.97,799,29.72,754,28.05,728,27.08,397,14.77,304,11.31,246,9.15,239,8.89,237,8.82
SA1,2021-03,2976,628,21.1,559,18.78,532,17.88,490,16.47,283,9.51,271,9.11,263,8.84,262,8.8,262,8.8
SA1,2021-04,2880,507,17.6,360,12.5,322,11.18,233,8.09,131,4.55,106,3.68,64,2.22,62,2.15,58,2.01
SA1,2021-05,2976,292,9.81,259,8.7,241,8.1,198,6.65,106,3.56,71,2.39,42,1.41,37,1.24,34,1.14
SA1,2021-06,2880,233,8.09,167,5.8,151,5.24,110,3.82,78,2.71,75,2.6,74,2.57,73,2.53,71,2.47
SA1,2021-07,2976,457,15.36,377,12.67,339,11.39,246,8.27,131,4.4,111,3.73,78,2.62,77,2.59,75,2.52
SA1,2021-08,2976,1155,38.81,982,33.0,883,29.67,674,22.65,272,9.14,236,7.93,196,6.59,180,6.05,174,5.85
SA1,2021-09,2880,1807,62.74,1630,56.6,1460,50.69,1214,42.15,471,16.35,415,14.41,354,12.29,344,11.94,339,11.77
SA1,2021-10,2976,2406,80.85,2216,74.46,2081,69.93,1919,64.48,1380,46.37,797,26.78,560,18.82,532,17.88,455,15.29
SA1,2021-11,2880,1210,42.01,1109,38.51,1054,36.6,994,34.51,660,22.92,369,12.81,262,9.1,251,8.72,216,7.5
SA1,2021-12,2976,1503,50.5,1254,42.14,1160,38.98,1017,34.17,723,24.29,145,4.87,102,3.43,94,3.16,29,0.97
SA1,2022-01,2976,958,32.19,857,28.8,792,26.61,754,25.34,492,16.53,164,5.51,114,3.83,92,3.09,63,2.12
SA1,2022-02,2688,1114,41.44,1018,37.87,934,34.75,871,32.4,579,21.54,160,5.95,131,4.87,99,3.68,86,3.2
SA1,2022-03,2976,1089,36.59,949,31.89,791,26.58,703,23.62,560,18.82,311,10.45,258,8.67,244,8.2,240,8.06
SA1,2022-04,2880,721,25.03,665,23.09,634,22.01,604,20.97,512,17.78,232,8.06,191,6.63,187,6.49,186,6.46
SA1,2022-05,2976,649,21.81,639,21.47,629,21.14,622,20.9,505,16.97,212,7.12,187,6.28,179,6.01,171,5.75
SA1,2022-06,2880,416,14.44,404,14.03,389,13.51,381,13.23,291,10.1,127,4.41,102,3.54,100,3.47,88,3.06
SA1,2022-07,2976,684,22.98,676,22.72,635,21.34,627,21.07,462,15.52,317,10.65,162,5.44,156,5.24,152,5.11
SA1,2022-08,2976,1021,34.31,977,32.83,926,31.12,875,29.4,681,22.88,404,13.58,266,8.94,256,8.6,250,8.4
SA1,2022-09,2880,1297,45.03,1252,43.47,1169,40.59,1096,38.06,833,28.92,666,23.12,459,15.94,389,13.51,195,6.77
SA1,2022-10,2976,1573,52.86,1516,50.94,1449,48.69,1370,46.03,1148,38.58,995,33.43,846,28.43,558,18.75,359,12.06
SA1,2022-11,2880,1782,61.88,1671,58.02,1617,56.15,1544,53.61,1256,43.61,1142,39.65,983,34.13,528,18.33,438,15.21
SA1,2022-12,2976,2456,82.53,2353,79.07,2246,75.47,2143,72.01,1898,63.78,1646,55.31,1160,38.98,608,20.43,290,9.74
SA1,2023-01,2976,1745,58.64,1680,56.45,1624,54.57,1575,52.92,1359,45.67,1084,36.42,345,11.59,207,6.96,173,5.81
SA1,2023-02,2688,1713,63.73,1621,60.31,1542,57.37,1495,55.62,1096,40.77,657,24.44,207,7.7,181,6.73,168,6.25
SA1,2023-03,2976,1703,57.22,1588,53.36,1454,48.86,1383,46.47,1136,38.17,527,17.71,142,4.77,92,3.09,79,2.65
SA1,2023-04,2880,1211,42.05,1141,39.62,1058,36.74,984,34.17,839,29.13,384,13.33,245,8.51,231,8.02,228,7.92
SA1,2023-05,2976,459,15.42,436,14.65,407,13.68,374,12.57,337,11.32,187,6.28,77,2.59,65,2.18,62,2.08
SA1,2023-06,2880,855,29.69,802,27.85,744,25.83,703,24.41,639,22.19,433,15.03,213,7.4,84,2.92,67,2.33
SA1,2023-07,2976,1062,35.69,942,31.65,821,27.59,740,24.87,627,21.07,435,14.62,175,5.88,50,1.68,36,1.21
SA1,2023-08,2976,1188,39.92,1066,35.82,996,33.47,939,31.55,863,29.0,609,20.46,294,9.88,231,7.76,231,7.76
SA1,2023-09,2880,2011,69.83,1905,66.15,1845,64.06,1804,62.64,1751,60.8,1317,45.73,476,16.53,322,11.18,298,10.35
SA1,2023-10,2976,2154,72.38,2084,70.03,1915,64.35,1862,62.57,1786,60.01,1244,41.8,513,17.24,394,13.24,364,12.23
SA1,2023-11,2880,1975,68.58,1916,66.53,1803,62.6,1746,60.62,1621,56.28,958,33.26,430,14.93,377,13.09,329,11.42
SA1,2023-12,2976,2016,67.74,1973,66.3,1916,64.38,1837,61.73,1695,56.96,1128,37.9,592,19.89,506,17.0,426,14.31
SA1,2024-01,2976,1921,64.55,1876,63.04,1719,57.76,1480,49.73,1343,45.13,888,29.84,495,16.63,423,14.21,380,12.77
SA1,2024-02,2784,2029,72.88,2004,71.98,1861,66.85,1758,63.15,1650,59.27,865,31.07,391,14.04,267,9.59,246,8.84
SA1,2024-03,2976,1435,48.22,1397,46.94,1256,42.2,1149,38.61,950,31.92,376,12.63,162,5.44,62,2.08,49,1.65
SA1,2024-04,2880,983,34.13,918,31.87,718,24.93,613,21.28,500,17.36,119,4.13,23,0.8,18,0.62,15,0.52
SA1,2024-05,2976,572,19.22,546,18.35,471,15.83,420,14.11,355,11.93,68,2.28,25,0.84,25,0.84,23,0.77
SA1,2024-06,2880,313,10.87,275,9.55,214,7.43,165,5.73,143,4.97,48,1.67,38,1.32,37,1.28,37,1.28
SA1,2024-07,2976,817,27.45,803,26.98,775,26.04,724,24.33,661,22.21,254,8.53,183,6.15,161,5.41,149,5.01
SA1,2024-08,2976,1648,55.38,1594,53.56,1548,52.02,1458,48.99,1266,42.54,369,12.4,181,6.08,136,4.57,127,4.27
SA1,2024-09,2880,2327,80.8,2149,74.62,2087,72.47,1975,68.58,1619,56.22,557,19.34,258,8.96,182,6.32,167,5.8
SA1,2024-10,2976,2763,92.84,2735,91.9,2700,90.73,2609,87.67,2259,75.91,1097,36.86,671,22.55,459,15.42,395,13.27
SA1,2024-11,2880,1872,65.0,1844,64.03,1777,61.7,1536,53.33,987,34.27,678,23.54,459,15.94,307,10.66,289,10.03
SA1,2024-12,2976,2259,75.91,2216,74.46,2105,70.73,1803,60.58,999,33.57,758,25.47,473,15.89,281,9.44,257,8.64
SA1,2025-01,2976,2101,70.6,2088,70.16,1930,64.85,1697,57.02,950,31.92,705,23.69,580,19.49,444,14.92,402,13.51
SA1,2025-02,2688,1931,71.84,1903,70.8,1825,67.89,1450,53.94,762,28.35,584,21.73,521,19.38,456,16.96,423,15.74
SA1,2025-03,2976,1688,56.72,1543,51.85,1427,47.95,786,26.41,451,15.15,354,11.9,336,11.29,321,10.79,270,9.07
SA1,2025-04,2880,1247,43.3,1110,38.54,916,31.81,199,6.91,123,4.27,44,1.53,38,1.32,35,1.22,33,1.15
SA1,2025-05,2976,979,32.9,924,31.05,643,21.61,204,6.85,146,4.91,120,4.03,113,3.8,97,3.26,95,3.19
SA1,2025-06,2880,616,21.39,555,19.27,356,12.36,151,5.24,106,3.68,97,3.37,82,2.85,68,2.36,64,2.22
SA1,2025-07,2976,1069,35.92,991,33.3,444,14.92,148,4.97,110,3.7,107,3.6,100,3.36,88,2.96,86,2.89
SA1,2025-08,2976,1271,42.71,1055,35.45,285,9.58,133,4.47,103,3.46,94,3.16,87,2.92,74,2.49,60,2.02
SA1,2025-09,2880,2119,73.58,1696,58.89,506,17.57,289,10.03,237,8.23,153,5.31,114,3.96,95,3.3,88,3.06
SA1,2025-10,2976,2346,78.83,2101,70.6,977,32.83,646,21.71,444,14.92,299,10.05,240,8.06,182,6.12,160,5.38
SA1,2025-11,2880,2660,92.36,2202,76.46,792,27.5,534,18.54,415,14.41,282,9.79,176,6.11,123,4.27,93,3.23
SA1,2025-12,2976,2638,88.64,1960,65.86,1236,41.53,1095,36.79,1033,34.71,932,31.32,703,23.62,635,21.34,600,20.16
SA1,2026-01,2976,2081,69.93,1205,40.49,715,24.03,655,22.01,609,20.46,543,18.25,307,10.32,246,8.27,215,7.22
SA1,2026-02,2688,1819,67.67,861,32.03,403,14.99,380,14.14,353,13.13,281,10.45,238,8.85,231,8.59,221,8.22
SA1,2026-03,2976,1818,61.09,1075,36.12,659,22.14,616,20.7,570,19.15,505,16.97,371,12.47,357,12.0,343,11.53
TAS1,2019-05,2976,2,0.07,0,0.0,0,0.0,0,0.0,0,0.0,0,0.0,0,0.0,0,0.0,0,0.0
TAS1,2019-06,2880,0,0.0,0,0.0,0,0.0,0,0.0,0,0.0,0,0.0,0,0.0,0,0.0,0,0.0
TAS1,2019-07,2976,69,2.32,22,0.74,22,0.74,13,0.44,13,0.44,13,0.44,13,0.44,3,0.1,3,0.1
TAS1,2019-08,2976,134,4.5,104,3.49,5,0.17,2,0.07,2,0.07,2,0.07,2,0.07,1,0.03,1,0.03
TAS1,2019-09,2880,1,0.03,1,0.03,1,0.03,1,0.03,1,0.03,1,0.03,1,0.03,0,0.0,0,0.0
TAS1,2019-10,2976,3,0.1,2,0.07,1,0.03,0,0.0,0,0.0,0,0.0,0,0.0,0,0.0,0,0.0
TAS1,2019-11,2880,114,3.96,56,1.94,34,1.18,14,0.49,11,0.38,5,0.17,3,0.1,0,0.0,0,0.0
TAS1,2019-12,2976,138,4.64,82,2.76,29,0.97,25,0.84,20,0.67,18,0.6,18,0.6,1,0.03,1,0.03
TAS1,2020-01,2976,31,1.04,26,0.87,24,0.81,22,0.74,22,0.74,20,0.67,20,0.67,5,0.17,5,0.17
TAS1,2020-02,2784,110,3.95,9,0.32,7,0.25,7,0.25,6,0.22,6,0.22,6,0.22,2,0.07,2,0.07
TAS1,2020-03,2976,37,1.24,18,0.6,5,0.17,4,0.13,4,0.13,4,0.13,4,0.13,2,0.07,2,0.07
TAS1,2020-04,2880,140,4.86,46,1.6,27,0.94,7,0.24,5,0.17,1,0.03,1,0.03,0,0.0,0,0.0
TAS1,2020-05,2976,201,6.75,41,1.38,37,1.24,33,1.11,6,0.2,4,0.13,0,0.0,0,0.0,0,0.0
TAS1,2020-06,2880,13,0.45,3,0.1,3,0.1,1,0.03,1,0.03,1,0.03,0,0.0,0,0.0,0,0.0
TAS1,2020-07,2976,20,0.67,6,0.2,2,0.07,1,0.03,0,0.0,0,0.0,0,0.0,0,0.0,0,0.0
TAS1,2020-08,2976,24,0.81,5,0.17,4,0.13,4,0.13,1,0.03,0,0.0,0,0.0,0,0.0,0,0.0
TAS1,2020-09,2880,88,3.06,58,2.01,53,1.84,40,1.39,13,0.45,0,0.0,0,0.0,0,0.0,0,0.0
TAS1,2020-10,2976,243,8.17,124,4.17,108,3.63,88,2.96,70,2.35,52,1.75,51,1.71,2,0.07,1,0.03
TAS1,2020-11,2880,26,0.9,18,0.62,16,0.56,12,0.42,9,0.31,3,0.1,1,0.03,1,0.03,1,0.03
TAS1,2020-12,2976,223,7.49,149,5.01,146,4.91,135,4.54,78,2.62,35,1.18,7,0.24,3,0.1,3,0.1
TAS1,2021-01,2976,115,3.86,91,3.06,80,2.69,70,2.35,49,1.65,26,0.87,7,0.24,2,0.07,2,0.07
TAS1,2021-02,2688,144,5.36,97,3.61,84,3.12,76,2.83,32,1.19,20,0.74,5,0.19,0,0.0,0,0.0
TAS1,2021-03,2976,85,2.86,49,1.65,17,0.57,12,0.4,5,0.17,3,0.1,0,0.0,0,0.0,0,0.0
TAS1,2021-04,2880,173,6.01,26,0.9,16,0.56,14,0.49,5,0.17,3,0.1,1,0.03,0,0.0,0,0.0
TAS1,2021-05,2976,32,1.08,9,0.3,8,0.27,7,0.24,4,0.13,2,0.07,0,0.0,0,0.0,0,0.0
TAS1,2021-06,2880,78,2.71,55,1.91,48,1.67,39,1.35,5,0.17,5,0.17,5,0.17,0,0.0,0,0.0
TAS1,2021-07,2976,369,12.4,208,6.99,140,4.7,95,3.19,12,0.4,6,0.2,6,0.2,0,0.0,0,0.0
TAS1,2021-08,2976,887,29.81,463,15.56,335,11.26,102,3.43,10,0.34,5,0.17,1,0.03,0,0.0,0,0.0
TAS1,2021-09,2880,1307,45.38,616,21.39,367,12.74,180,6.25,11,0.38,4,0.14,0,0.0,0,0.0,0,0.0
TAS1,2021-10,2976,1661,55.81,766,25.74,570,19.15,210,7.06,39,1.31,2,0.07,1,0.03,0,0.0,0,0.0
TAS1,2021-11,2880,397,13.78,143,4.97,112,3.89,72,2.5,33,1.15,1,0.03,1,0.03,0,0.0,0,0.0
TAS1,2021-12,2976,147,4.94,122,4.1,86,2.89,11,0.37,9,0.3,0,0.0,0,0.0,0,0.0,0,0.0
TAS1,2022-01,2976,112,3.76,85,2.86,58,1.95,38,1.28,11,0.37,1,0.03,1,0.03,1,0.03,0,0.0
TAS1,2022-02,2688,136,5.06,117,4.35,89,3.31,71,2.64,22,0.82,0,0.0,0,0.0,0,0.0,0,0.0
TAS1,2022-03,2976,113,3.8,85,2.86,59,1.98,37,1.24,20,0.67,0,0.0,0,0.0,0,0.0,0,0.0
TAS1,2022-04,2880,191,6.63,169,5.87,126,4.38,96,3.33,31,1.08,0,0.0,0,0.0,0,0.0,0,0.0
TAS1,2022-05,2976,70,2.35,60,2.02,50,1.68,33,1.11,4,0.13,0,0.0,0,0.0,0,0.0,0,0.0
TAS1,2022-06,2880,1,0.03,1,0.03,1,0.03,1,0.03,1,0.03,0,0.0,0,0.0,0,0.0,0,0.0
TAS1,2022-07,2976,0,0.0,0,0.0,0,0.0,0,0.0,0,0.0,0,0.0,0,0.0,0,0.0,0,0.0
TAS1,2022-08,2976,39,1.31,21,0.71,15,0.5,10,0.34,3,0.1,0,0.0,0,0.0,0,0.0,0,0.0
TAS1,2022-09,2880,17,0.59,0,0.0,0,0.0,0,0.0,0,0.0,0,0.0,0,0.0,0,0.0,0,0.0
TAS1,2022-10,2976,454,15.26,381,12.8,318,10.69,223,7.49,106,3.56,52,1.75,26,0.87,7,0.24,4,0.13
TAS1,2022-11,2880,288,10.0,218,7.57,175,6.08,143,4.97,79,2.74,45,1.56,31,1.08,15,0.52,8,0.28
TAS1,2022-12,2976,81,2.72,59,1.98,46,1.55,33,1.11,11,0.37,1,0.03,0,0.0,0,0.0,0,0.0
TAS1,2023-01,2976,65,2.18,54,1.81,36,1.21,20,0.67,14,0.47,0,0.0,0,0.0,0,0.0,0,0.0
TAS1,2023-02,2688,33,1.23,26,0.97,25,0.93,24,0.89,17,0.63,0,0.0,0,0.0,0,0.0,0,0.0
TAS1,2023-03,2976,204,6.85,162,5.44,151,5.07,144,4.84,133,4.47,2,0.07,1,0.03,0,0.0,0,0.0
TAS1,2023-04,2880,30,1.04,20,0.69,17,0.59,9,0.31,5,0.17,0,0.0,0,0.0,0,0.0,0,0.0
TAS1,2023-05,2976,28,0.94,18,0.6,10,0.34,2,0.07,1,0.03,0,0.0,0,0.0,0,0.0,0,0.0
TAS1,2023-06,2880,400,13.89,227,7.88,178,6.18,23,0.8,7,0.24,0,0.0,0,0.0,0,0.0,0,0.0
TAS1,2023-07,2976,907,30.48,620,20.83,289,9.71,243,8.17,30,1.01,0,0.0,0,0.0,0,0.0,0,0.0
TAS1,2023-08,2976,579,19.46,296,9.95,148,4.97,97,3.26,22,0.74,0,0.0,0,0.0,0,0.0,0,0.0
TAS1,2023-09,2880,624,21.67,365,12.67,338,11.74,321,11.15,271,9.41,9,0.31,8,0.28,6,0.21,4,0.14
TAS1,2023-10,2976,245,8.23,190,6.38,162,5.44,142,4.77,99,3.33,6,0.2,5,0.17,0,0.0,0,0.0
TAS1,2023-11,2880,67,2.33,67,2.33,66,2.29,64,2.22,52,1.81,2,0.07,0,0.0,0,0.0,0,0.0
TAS1,2023-12,2976,238,8.0,228,7.66,207,6.96,200,6.72,158,5.31,2,0.07,1,0.03,0,0.0,0,0.0
TAS1,2024-01,2976,357,12.0,344,11.56,328,11.02,308,10.35,274,9.21,5,0.17,4,0.13,2,0.07,2,0.07
TAS1,2024-02,2784,260,9.34,236,8.48,221,7.94,209,7.51,163,5.85,14,0.5,14,0.5,11,0.4,11,0.4
TAS1,2024-03,2976,119,4.0,111,3.73,108,3.63,101,3.39,49,1.65,0,0.0,0,0.0,0,0.0,0,0.0
TAS1,2024-04,2880,28,0.97,25,0.87,22,0.76,13,0.45,4,0.14,0,0.0,0,0.0,0,0.0,0,0.0
TAS1,2024-05,2976,23,0.77,19,0.64,17,0.57,15,0.5,9,0.3,0,0.0,0,0.0,0,0.0,0,0.0
TAS1,2024-06,2880,1,0.03,1,0.03,0,0.0,0,0.0,0,0.0,0,0.0,0,0.0,0,0.0,0,0.0
TAS1,2024-07,2976,25,0.84,18,0.6,12,0.4,8,0.27,1,0.03,0,0.0,0,0.0,0,0.0,0,0.0
TAS1,2024-08,2976,144,4.84,96,3.23,74,2.49,44,1.48,16,0.54,0,0.0,0,0.0,0,0.0,0,0.0
TAS1,2024-09,2880,1449,50.31,199,6.91,179,6.22,152,5.28,123,4.27,1,0.03,0,0.0,0,0.0,0,0.0
TAS1,2024-10,2976,552,18.55,89,2.99,68,2.28,66,2.22,63,2.12,0,0.0,0,0.0,0,0.0,0,0.0
TAS1,2024-11,2880,260,9.03,256,8.89,247,8.58,232,8.06,191,6.63,9,0.31,3,0.1,1,0.03,0,0.0
TAS1,2024-12,2976,734,24.66,697,23.42,659,22.14,480,16.13,42,1.41,25,0.84,6,0.2,1,0.03,1,0.03
TAS1,2025-01,2976,232,7.8,232,7.8,220,7.39,213,7.16,171,5.75,128,4.3,0,0.0,0,0.0,0,0.0
TAS1,2025-02,2688,76,2.83,70,2.6,64,2.38,56,2.08,36,1.34,25,0.93,0,0.0,0,0.0,0,0.0
TAS1,2025-03,2976,52,1.75,35,1.18,24,0.81,14,0.47,4,0.13,0,0.0,0,0.0,0,0.0,0,0.0
TAS1,2025-04,2880,6,0.21,4,0.14,1,0.03,0,0.0,0,0.0,0,0.0,0,0.0,0,0.0,0,0.0
TAS1,2025-05,2976,42,1.41,37,1.24,27,0.91,16,0.54,0,0.0,0,0.0,0,0.0,0,0.0,0,0.0
TAS1,2025-06,2880,17,0.59,9,0.31,1,0.03,0,0.0,0,0.0,0,0.0,0,0.0,0,0.0,0,0.0
TAS1,2025-07,2976,0,0.0,0,0.0,0,0.0,0,0.0,0,0.0,0,0.0,0,0.0,0,0.0,0,0.0
TAS1,2025-08,2976,4,0.13,4,0.13,3,0.1,3,0.1,2,0.07,1,0.03,0,0.0,0,0.0,0,0.0
TAS1,2025-09,2880,595,20.66,28,0.97,20,0.69,18,0.62,6,0.21,3,0.1,0,0.0,0,0.0,0,0.0
TAS1,2025-10,2976,579,19.46,48,1.61,35,1.18,32,1.08,17,0.57,4,0.13,0,0.0,0,0.0,0,0.0
TAS1,2025-11,2880,166,5.76,50,1.74,18,0.62,15,0.52,15,0.52,15,0.52,3,0.1,3,0.1,1,0.03
TAS1,2025-12,2976,281,9.44,118,3.97,92,3.09,77,2.59,63,2.12,53,1.78,12,0.4,9,0.3,5,0.17
TAS1,2026-01,2976,14,0.47,2,0.07,0,0.0,0,0.0,0,0.0,0,0.0,0,0.0,0,0.0,0,0.0
TAS1,2026-02,2688,3,0.11,3,0.11,2,0.07,2,0.07,2,0.07,2,0.07,0,0.0,0,0.0,0,0.0
TAS1,2026-03,2976,5,0.17,4,0.13,0,0.0,0,0.0,0,0.0,0,0.0,0,0.0,0,0.0,0,0.0
VIC1,2019-05,2976,3,0.1,1,0.03,1,0.03,0,0.0,0,0.0,0,0.0,0,0.0,0,0.0,0,0.0
VIC1,2019-06,2880,10,0.35,3,0.1,0,0.0,0,0.0,0,0.0,0,0.0,0,0.0,0,0.0,0,0.0
VIC1,2019-07,2976,43,1.44,21,0.71,19,0.64,14,0.47,4,0.13,4,0.13,4,0.13,1,0.03,1,0.03
VIC1,2019-08,2976,84,2.82,40,1.34,35,1.18,26,0.87,10,0.34,9,0.3,6,0.2,6,0.2,6,0.2
VIC1,2019-09,2880,17,0.59,8,0.28,8,0.28,4,0.14,3,0.1,2,0.07,1,0.03,1,0.03,1,0.03
VIC1,2019-10,2976,89,2.99,60,2.02,56,1.88,46,1.55,37,1.24,31,1.04,26,0.87,25,0.84,25,0.84
VIC1,2019-11,2880,71,2.47,22,0.76,19,0.66,17,0.59,16,0.56,14,0.49,10,0.35,8,0.28,8,0.28
VIC1,2019-12,2976,221,7.43,45,1.51,34,1.14,32,1.08,21,0.71,20,0.67,20,0.67,7,0.24,4,0.13
VIC1,2020-01,2976,178,5.98,123,4.13,118,3.97,118,3.97,72,2.42,41,1.38,41,1.38,35,1.18,35,1.18
VIC1,2020-02,2784,24,0.86,15,0.54,4,0.14,1,0.04,0,0.0,0,0.0,0,0.0,0,0.0,0,0.0
VIC1,2020-03,2976,70,2.35,7,0.24,3,0.1,3,0.1,0,0.0,0,0.0,0,0.0,0,0.0,0,0.0
VIC1,2020-04,2880,168,5.83,75,2.6,55,1.91,37,1.28,11,0.38,4,0.14,3,0.1,3,0.1,2,0.07
VIC1,2020-05,2976,95,3.19,30,1.01,15,0.5,11,0.37,2,0.07,1,0.03,1,0.03,1,0.03,0,0.0
VIC1,2020-06,2880,10,0.35,5,0.17,3,0.1,2,0.07,0,0.0,0,0.0,0,0.0,0,0.0,0,0.0
VIC1,2020-07,2976,28,0.94,7,0.24,3,0.1,1,0.03,0,0.0,0,0.0,0,0.0,0,0.0,0,0.0
VIC1,2020-08,2976,127,4.27,115,3.86,110,3.7,108,3.63,25,0.84,10,0.34,8,0.27,6,0.2,3,0.1
VIC1,2020-09,2880,295,10.24,225,7.81,206,7.15,178,6.18,97,3.37,7,0.24,3,0.1,3,0.1,2,0.07
VIC1,2020-10,2976,302,10.15,235,7.9,210,7.06,192,6.45,142,4.77,11,0.37,8,0.27,6,0.2,6,0.2
VIC1,2020-11,2880,235,8.16,180,6.25,171,5.94,152,5.28,75,2.6,8,0.28,3,0.1,3,0.1,3,0.1
VIC1,2020-12,2976,718,24.13,514,17.27,465,15.62,438,14.72,236,7.93,91,3.06,45,1.51,25,0.84,22,0.74
VIC1,2021-01,2976,788,26.48,641,21.54,577,19.39,527,17.71,178,5.98,68,2.28,22,0.74,2,0.07,2,0.07
VIC1,2021-02,2688,559,20.8,435,16.18,357,13.28,329,12.24,150,5.58,60,2.23,17,0.63,1,0.04,1,0.04
VIC1,2021-03,2976,260,8.74,173,5.81,124,4.17,89,2.99,19,0.64,7,0.24,1,0.03,0,0.0,0,0.0
VIC1,2021-04,2880,463,16.08,330,11.46,289,10.03,224,7.78,61,2.12,22,0.76,12,0.42,9,0.31,5,0.17
VIC1,2021-05,2976,220,7.39,189,6.35,174,5.85,141,4.74,60,2.02,13,0.44,8,0.27,1,0.03,0,0.0
VIC1,2021-06,2880,150,5.21,116,4.03,105,3.65,74,2.57,0,0.0,0,0.0,0,0.0,0,0.0,0,0.0
VIC1,2021-07,2976,429,14.42,363,12.2,334,11.22,274,9.21,73,2.45,53,1.78,15,0.5,7,0.24,5,0.17
VIC1,2021-08,2976,1012,34.01,869,29.2,749,25.17,587,19.72,120,4.03,83,2.79,30,1.01,22,0.74,14,0.47
VIC1,2021-09,2880,1574,54.65,1333,46.28,1061,36.84,805,27.95,147,5.1,88,3.06,25,0.87,14,0.49,5,0.17
VIC1,2021-10,2976,2066,69.42,1763,59.24,1508,50.67,1150,38.64,452,15.19,218,7.33,47,1.58,30,1.01,17,0.57
VIC1,2021-11,2880,885,30.73,757,26.28,666,23.12,567,19.69,110,3.82,43,1.49,19,0.66,17,0.59,15,0.52
VIC1,2021-12,2976,1309,43.99,1075,36.12,908,30.51,733,24.63,320,10.75,162,5.44,7,0.24,6,0.2,4,0.13
VIC1,2022-01,2976,658,22.11,532,17.88,416,13.98,335,11.26,109,3.66,40,1.34,8,0.27,6,0.2,5,0.17
VIC1,2022-02,2688,806,29.99,682,25.37,532,19.79,468,17.41,247,9.19,27,1.0,12,0.45,11,0.41,11,0.41
VIC1,2022-03,2976,1018,34.21,852,28.63,618,20.77,516,17.34,372,12.5,86,2.89,11,0.37,10,0.34,10,0.34
VIC1,2022-04,2880,456,15.83,409,14.2,352,12.22,314,10.9,210,7.29,18,0.62,0,0.0,0,0.0,0,0.0
VIC1,2022-05,2976,184,6.18,170,5.71,156,5.24,147,4.94,45,1.51,1,0.03,0,0.0,0,0.0,0,0.0
VIC1,2022-06,2880,105,3.65,81,2.81,58,2.01,41,1.42,5,0.17,0,0.0,0,0.0,0,0.0,0,0.0
VIC1,2022-07,2976,343,11.53,329,11.06,277,9.31,267,8.97,53,1.78,19,0.64,1,0.03,0,0.0,0,0.0
VIC1,2022-08,2976,736,24.73,675,22.68,592,19.89,533,17.91,217,7.29,56,1.88,28,0.94,19,0.64,17,0.57
VIC1,2022-09,2880,889,30.87,837,29.06,733,25.45,659,22.88,336,11.67,205,7.12,62,2.15,19,0.66,6,0.21
VIC1,2022-10,2976,1182,39.72,1102,37.03,994,33.4,929,31.22,495,16.63,374,12.57,193,6.49,81,2.72,41,1.38
VIC1,2022-11,2880,1578,54.79,1458,50.62,1297,45.03,1239,43.02,710,24.65,580,20.14,248,8.61,92,3.19,62,2.15
VIC1,2022-12,2976,2305,77.45,2176,73.12,1999,67.17,1881,63.21,1419,47.68,1101,37.0,604,20.3,239,8.03,152,5.11
VIC1,2023-01,2976,1668,56.05,1581,53.12,1495,50.24,1413,47.48,1051,35.32,861,28.93,315,10.58,160,5.38,134,4.5
VIC1,2023-02,2688,1648,61.31,1560,58.04,1449,53.91,1413,52.57,966,35.94,683,25.41,177,6.58,90,3.35,79,2.94
VIC1,2023-03,2976,1560,52.42,1426,47.92,1245,41.83,1181,39.68,932,31.32,603,20.26,43,1.44,33,1.11,28,0.94
VIC1,2023-04,2880,881,30.59,778,27.01,612,21.25,559,19.41,385,13.37,189,6.56,2,0.07,0,0.0,0,0.0
VIC1,2023-05,2976,233,7.83,191,6.42,131,4.4,104,3.49,67,2.25,25,0.84,0,0.0,0,0.0,0,0.0
VIC1,2023-06,2880,671,23.3,581,20.17,474,16.46,437,15.17,368,12.78,297,10.31,0,0.0,0,0.0,0,0.0
VIC1,2023-07,2976,975,32.76,832,27.96,673,22.61,577,19.39,464,15.59,347,11.66,31,1.04,7,0.24,4,0.13
VIC1,2023-08,2976,1009,33.9,837,28.12,684,22.98,601,20.19,495,16.63,321,10.79,3,0.1,0,0.0,0,0.0
VIC1,2023-09,2880,1932,67.08,1810,62.85,1743,60.52,1701,59.06,1670,57.99,1493,51.84,379,13.16,253,8.78,238,8.26
VIC1,2023-10,2976,1925,64.68,1798,60.42,1579,53.06,1508,50.67,1445,48.56,1106,37.16,297,9.98,209,7.02,189,6.35
VIC1,2023-11,2880,1819,63.16,1731,60.1,1573,54.62,1503,52.19,1394,48.4,1085,37.67,317,11.01,268,9.31,232,8.06
VIC1,2023-12,2976,1938,65.12,1886,63.37,1798,60.42,1741,58.5,1589,53.39,1371,46.07,420,14.11,365,12.26,338,11.36
VIC1,2024-01,2976,1772,59.54,1715,57.63,1443,48.49,1267,42.57,1149,38.61,963,32.36,506,17.0,353,11.86,336,11.29
VIC1,2024-02,2784,1724,61.93,1703,61.17,1545,55.5,1450,52.08,1405,50.47,1069,38.4,452,16.24,212,7.61,200,7.18
VIC1,2024-03,2976,1370,46.03,1321,44.39,1168,39.25,1050,35.28,928,31.18,472,15.86,221,7.43,56,1.88,54,1.81
VIC1,2024-04,2880,828,28.75,756,26.25,574,19.93,479,16.63,416,14.44,152,5.28,62,2.15,6,0.21,6,0.21
VIC1,2024-05,2976,369,12.4,335,11.26,290,9.74,242,8.13,208,6.99,63,2.12,16,0.54,3,0.1,3,0.1
VIC1,2024-06,2880,122,4.24,96,3.33,54,1.88,33,1.15,25,0.87,0,0.0,0,0.0,0,0.0,0,0.0
VIC1,2024-07,2976,259,8.7,232,7.8,203,6.82,177,5.95,130,4.37,34,1.14,1,0.03,0,0.0,0,0.0
VIC1,2024-08,2976,1244,41.8,1154,38.78,1050,35.28,987,33.17,627,21.07,299,10.05,93,3.12,4,0.13,2,0.07
VIC1,2024-09,2880,2107,73.16,1862,64.65,1774,61.6,1665,57.81,1287,44.69,624,21.67,251,8.72,40,1.39,37,1.28
VIC1,2024-10,2976,2615,87.87,2536,85.22,2461,82.69,2408,80.91,1900,63.84,1174,39.45,703,23.62,256,8.6,228,7.66
VIC1,2024-11,2880,1709,59.34,1680,58.33,1574,54.65,1345,46.7,838,29.1,635,22.05,475,16.49,171,5.94,144,5.0
VIC1,2024-12,2976,2097,70.46,2045,68.72,1918,64.45,1630,54.77,962,32.33,735,24.7,572,19.22,200,6.72,177,5.95
VIC1,2025-01,2976,1855,62.33,1826,61.36,1680,56.45,1505,50.57,843,28.33,608,20.43,394,13.24,143,4.81,137,4.6
VIC1,2025-02,2688,1434,53.35,1385,51.53,1257,46.76,974,36.24,427,15.89,233,8.67,127,4.72,23,0.86,12,0.45
VIC1,2025-03,2976,1215,40.83,1054,35.42,847,28.46,340,11.42,164,5.51,99,3.33,60,2.02,13,0.44,12,0.4
VIC1,2025-04,2880,1176,40.83,1039,36.08,877,30.45,257,8.92,111,3.85,35,1.22,1,0.03,0,0.0,0,0.0
VIC1,2025-05,2976,908,30.51,850,28.56,556,18.68,164,5.51,67,2.25,26,0.87,0,0.0,0,0.0,0,0.0
VIC1,2025-06,2880,184,6.39,151,5.24,16,0.56,1,0.03,1,0.03,1,0.03,0,0.0,0,0.0,0,0.0
VIC1,2025-07,2976,566,19.02,404,13.58,58,1.95,9,0.3,2,0.07,1,0.03,0,0.0,0,0.0,0,0.0
VIC1,2025-08,2976,716,24.06,438,14.72,20,0.67,3,0.1,2,0.07,1,0.03,1,0.03,1,0.03,1,0.03
VIC1,2025-09,2880,1920,66.67,1320,45.83,515,17.88,243,8.44,193,6.7,172,5.97,71,2.47,1,0.03,0,0.0
VIC1,2025-10,2976,2095,70.4,1716,57.66,806,27.08,456,15.32,260,8.74,220,7.39,56,1.88,9,0.3,3,0.1
VIC1,2025-11,2880,2543,88.3,2019,70.1,831,28.85,484,16.81,290,10.07,234,8.12,77,2.67,14,0.49,7,0.24
VIC1,2025-12,2976,2121,71.27,1508,50.67,1035,34.78,854,28.7,751,25.24,708,23.79,399,13.41,236,7.93,222,7.46
VIC1,2026-01,2976,1606,53.97,849,28.53,488,16.4,358,12.03,295,9.91,247,8.3,183,6.15,89,2.99,87,2.92
VIC1,2026-02,2688,1294,48.14,406,15.1,213,7.92,112,4.17,54,2.01,29,1.08,6,0.22,6,0.22,6,0.22
VIC1,2026-03,2976,1611,54.13,747,25.1,380,12.77,308,10.35,147,4.94,103,3.46,31,1.04,1,0.03,1,0.03
