REGIONID,YEAR_MONTH,total_daylight_intervals,count_below_0,pct_below_0,count_below_neg10,pct_below_neg10,count_below_neg20,pct_below_neg20,count_below_neg30,pct_below_neg30,count_below_neg40,pct_below_neg40,count_below_neg50,pct_below_neg50,count_below_neg60,pct_below_neg60,count_below_neg70,pct_below_neg70,count_below_neg80,pct_below_neg80
NSW1,2019-05,2976,0,0.0,0,0.0,0,0.0,0,0.0,0,0.0,0,0.0,0,0.0,0,0.0,0,0.0
NSW1,2019-06,2880,0,0.0,0,0.0,0,0.0,0,0.0,0,0.0,0,0.0,0,0.0,0,0.0,0,0.0
NSW1,2019-07,2976,0,0.0,0,0.0,0,0.0,0,0.0,0,0.0,0,0.0,0,0.0,0,0.0,0,0.0
NSW1,2019-08,2976,6,0.2,3,0.1,0,0.0,0,0.0,0,0.0,0,0.0,0,0.0,0,0.0,0,0.0
NSW1,2019-09,2880,9,0.31,5,0.17,5,0.17,5,0.17,1,0.03,0,0.0,0,0.0,0,0.0,0,0.0
NSW1,2019-10,2976,4,0.13,3,0.1,1,0.03,1,0.03,0,0.0,0,0.0,0,0.0,0,0.0,0,0.0
NSW1,2019-11,2880,0,0.0,0,0.0,0,0.0,0,0.0,0,0.0,0,0.0,0,0.0,0,0.0,0,0.0
NSW1,2019-12,2976,0,0.0,0,0.0,0,0.0,0,0.0,0,0.0,0,0.0,0,0.0,0,0.0,0,0.0
NSW1,2020-01,2976,4,0.13,4,0.13,3,0.1,2,0.07,2,0.07,2,0.07,2,0.07,2,0.07,1,0.03
NSW1,2020-02,2784,0,0.0,0,0.0,0,0.0,0,0.0,0,0.0,0,0.0,0,0.0,0,0.0,0,0.0
NSW1,2020-03,2976,0,0.0,0,0.0,0,0.0,0,0.0,0,0.0,0,0.0,0,0.0,0,0.0,0,0.0
NSW1,2020-04,2880,46,1.6,36,1.25,19,0.66,11,0.38,0,0.0,0,0.0,0,0.0,0,0.0,0,0.0
NSW1,2020-05,2976,0,0.0,0,0.0,0,0.0,0,0.0,0,0.0,0,0.0,0,0.0,0,0.0,0,0.0
NSW1,2020-06,2880,0,0.0,0,0.0,0,0.0,0,0.0,0,0.0,0,0.0,0,0.0,0,0.0,0,0.0
NSW1,2020-07,2976,10,0.34,4,0.13,1,0.03,0,0.0,0,0.0,0,0.0,0,0.0,0,0.0,0,0.0
NSW1,2020-08,2976,6,0.2,2,0.07,0,0.0,0,0.0,0,0.0,0,0.0,0,0.0,0,0.0,0,0.0
NSW1,2020-09,2880,1,0.03,1,0.03,1,0.03,0,0.0,0,0.0,0,0.0,0,0.0,0,0.0,0,0.0
NSW1,2020-10,2976,5,0.17,2,0.07,0,0.0,0,0.0,0,0.0,0,0.0,0,0.0,0,0.0,0,0.0
NSW1,2020-11,2880,5,0.17,5,0.17,4,0.14,4,0.14,1,0.03,0,0.0,0,0.0,0,0.0,0,0.0
NSW1,2020-12,2976,3,0.1,2,0.07,1,0.03,1,0.03,1,0.03,1,0.03,1,0.03,1,0.03,1,0.03
NSW1,2021-01,2976,2,0.07,1,0.03,1,0.03,1,0.03,0,0.0,0,0.0,0,0.0,0,0.0,0,0.0
NSW1,2021-02,2688,0,0.0,0,0.0,0,0.0,0,0.0,0,0.0,0,0.0,0,0.0,0,0.0,0,0.0
NSW1,2021-03,2976,2,0.07,0,0.0,0,0.0,0,0.0,0,0.0,0,0.0,0,0.0,0,0.0,0,0.0
NSW1,2021-04,2880,119,4.13,75,2.6,60,2.08,49,1.7,13,0.45,4,0.14,0,0.0,0,0.0,0,0.0
NSW1,2021-05,2976,7,0.24,5,0.17,4,0.13,2,0.07,0,0.0,0,0.0,0,0.0,0,0.0,0,0.0
NSW1,2021-06,2880,1,0.03,1,0.03,0,0.0,0,0.0,0,0.0,0,0.0,0,0.0,0,0.0,0,0.0
NSW1,2021-07,2976,79,2.65,43,1.44,41,1.38,31,1.04,9,0.3,9,0.3,7,0.24,7,0.24,6,0.2
NSW1,2021-08,2976,404,13.58,260,8.74,189,6.35,124,4.17,50,1.68,36,1.21,27,0.91,22,0.74,11,0.37
NSW1,2021-09,2880,766,26.6,538,18.68,409,14.2,303,10.52,74,2.57,21,0.73,14,0.49,7,0.24,2,0.07
NSW1,2021-10,2976,716,24.06,591,19.86,538,18.08,436,14.65,132,4.44,32,1.08,14,0.47,3,0.1,0,0.0
NSW1,2021-11,2880,226,7.85,198,6.88,164,5.69,147,5.1,28,0.97,3,0.1,1,0.03,0,0.0,0,0.0
NSW1,2021-12,2976,130,4.37,87,2.92,74,2.49,73,2.45,15,0.5,3,0.1,3,0.1,3,0.1,3,0.1
NSW1,2022-01,2976,7,0.24,7,0.24,6,0.2,6,0.2,2,0.07,2,0.07,2,0.07,2,0.07,2,0.07
NSW1,2022-02,2688,88,3.27,60,2.23,53,1.97,51,1.9,9,0.33,5,0.19,5,0.19,4,0.15,4,0.15
NSW1,2022-03,2976,4,0.13,2,0.07,2,0.07,2,0.07,2,0.07,1,0.03,1,0.03,1,0.03,1,0.03
NSW1,2022-04,2880,6,0.21,4,0.14,4,0.14,4,0.14,4,0.14,0,0.0,0,0.0,0,0.0,0,0.0
NSW1,2022-05,2976,1,0.03,1,0.03,1,0.03,1,0.03,0,0.0,0,0.0,0,0.0,0,0.0,0,0.0
NSW1,2022-06,2880,26,0.9,17,0.59,15,0.52,11,0.38,7,0.24,0,0.0,0,0.0,0,0.0,0,0.0
NSW1,2022-07,2976,41,1.38,28,0.94,25,0.84,21,0.71,3,0.1,0,0.0,0,0.0,0,0.0,0,0.0
NSW1,2022-08,2976,212,7.12,170,5.71,156,5.24,140,4.7,86,2.89,6,0.2,0,0.0,0,0.0,0,0.0
NSW1,2022-09,2880,536,18.61,464,16.11,427,14.83,393,13.65,316,10.97,167,5.8,65,2.26,11,0.38,0,0.0
NSW1,2022-10,2976,349,11.73,305,10.25,269,9.04,248,8.33,200,6.72,151,5.07,118,3.97,30,1.01,3,0.1
NSW1,2022-11,2880,587,20.38,430,14.93,386,13.4,333,11.56,262,9.1,179,6.22,89,3.09,11,0.38,0,0.0
NSW1,2022-12,2976,967,32.49,649,21.81,570,19.15,486,16.33,371,12.47,247,8.3,56,1.88,1,0.03,1,0.03
NSW1,2023-01,2976,229,7.69,177,5.95,164,5.51,150,5.04,111,3.73,62,2.08,5,0.17,0,0.0,0,0.0
NSW1,2023-02,2688,287,10.68,204,7.59,196,7.29,189,7.03,171,6.36,104,3.87,18,0.67,4,0.15,2,0.07
NSW1,2023-03,2976,177,5.95,133,4.47,118,3.97,92,3.09,31,1.04,0,0.0,0,0.0,0,0.0,0,0.0
NSW1,2023-04,2880,389,13.51,338,11.74,316,10.97,284,9.86,210,7.29,115,3.99,63,2.19,27,0.94,1,0.03
NSW1,2023-05,2976,55,1.85,40,1.34,31,1.04,24,0.81,9,0.3,0,0.0,0,0.0,0,0.0,0,0.0
NSW1,2023-06,2880,128,4.44,103,3.58,93,3.23,78,2.71,53,1.84,1,0.03,0,0.0,0,0.0,0,0.0
NSW1,2023-07,2976,449,15.09,375,12.6,346,11.63,293,9.85,239,8.03,79,2.65,8,0.27,0,0.0,0,0.0
NSW1,2023-08,2976,518,17.41,417,14.01,375,12.6,265,8.9,184,6.18,55,1.85,1,0.03,0,0.0,0,0.0
NSW1,2023-09,2880,1124,39.03,1020,35.42,940,32.64,735,25.52,695,24.13,485,16.84,95,3.3,19,0.66,1,0.03
NSW1,2023-10,2976,1451,48.76,1357,45.6,1266,42.54,1026,34.48,934,31.38,466,15.66,48,1.61,10,0.34,0,0.0
NSW1,2023-11,2880,497,17.26,418,14.51,371,12.88,240,8.33,123,4.27,39,1.35,0,0.0,0,0.0,0,0.0
NSW1,2023-12,2976,631,21.2,587,19.72,469,15.76,360,12.1,204,6.85,14,0.47,3,0.1,0,0.0,0,0.0
NSW1,2024-01,2976,137,4.6,113,3.8,86,2.89,50,1.68,31,1.04,16,0.54,13,0.44,12,0.4,11,0.37
NSW1,2024-02,2784,192,6.9,151,5.42,88,3.16,50,1.8,20,0.72,0,0.0,0,0.0,0,0.0,0,0.0
NSW1,2024-03,2976,405,13.61,332,11.16,239,8.03,126,4.23,103,3.46,2,0.07,1,0.03,0,0.0,0,0.0
NSW1,2024-04,2880,484,16.81,372,12.92,230,7.99,126,4.38,96,3.33,2,0.07,0,0.0,0,0.0,0,0.0
NSW1,2024-05,2976,107,3.6,74,2.49,45,1.51,20,0.67,9,0.3,0,0.0,0,0.0,0,0.0,0,0.0
NSW1,2024-06,2880,154,5.35,115,3.99,86,2.99,67,2.33,46,1.6,0,0.0,0,0.0,0,0.0,0,0.0
NSW1,2024-07,2976,290,9.74,249,8.37,166,5.58,108,3.63,71,2.39,0,0.0,0,0.0,0,0.0,0,0.0
NSW1,2024-08,2976,909,30.54,812,27.28,737,24.76,654,21.98,552,18.55,191,6.42,9,0.3,7,0.24,0,0.0
NSW1,2024-09,2880,1632,56.67,1467,50.94,1397,48.51,1268,44.03,1054,36.6,314,10.9,15,0.52,0,0.0,0,0.0
NSW1,2024-10,2976,1096,36.83,1063,35.72,1031,34.64,913,30.68,652,21.91,142,4.77,7,0.24,1,0.03,1,0.03
NSW1,2024-11,2880,587,20.38,548,19.03,487,16.91,376,13.06,63,2.19,2,0.07,1,0.03,0,0.0,0,0.0
NSW1,2024-12,2976,1075,36.12,1020,34.27,923,31.01,699,23.49,103,3.46,3,0.1,3,0.1,2,0.07,2,0.07
NSW1,2025-01,2976,1048,35.22,1015,34.11,888,29.84,576,19.35,40,1.34,0,0.0,0,0.0,0,0.0,0,0.0
NSW1,2025-02,2688,891,33.15,856,31.85,795,29.58,479,17.82,64,2.38,22,0.82,9,0.33,1,0.04,1,0.04
NSW1,2025-03,2976,689,23.15,582,19.56,468,15.73,15,0.5,3,0.1,0,0.0,0,0.0,0,0.0,0,0.0
NSW1,2025-04,2880,865,30.03,760,26.39,625,21.7,131,4.55,0,0.0,0,0.0,0,0.0,0,0.0,0,0.0
NSW1,2025-05,2976,582,19.56,531,17.84,346,11.63,1,0.03,0,0.0,0,0.0,0,0.0,0,0.0,0,0.0
NSW1,2025-06,2880,226,7.85,185,6.42,67,2.33,2,0.07,0,0.0,0,0.0,0,0.0,0,0.0,0,0.0
NSW1,2025-07,2976,462,15.52,348,11.69,51,1.71,0,0.0,0,0.0,0,0.0,0,0.0,0,0.0,0,0.0
NSW1,2025-08,2976,796,26.75,575,19.32,47,1.58,11,0.37,0,0.0,0,0.0,0,0.0,0,0.0,0,0.0
NSW1,2025-09,2880,2034,70.62,1744,60.56,446,15.49,131,4.55,3,0.1,1,0.03,1,0.03,1,0.03,1,0.03
NSW1,2025-10,2976,1770,59.48,1442,48.45,514,17.27,181,6.08,10,0.34,5,0.17,4,0.13,4,0.13,3,0.1
NSW1,2025-11,2880,2143,74.41,1536,53.33,462,16.04,116,4.03,41,1.42,29,1.01,12,0.42,9,0.31,9,0.31
NSW1,2025-12,2976,1455,48.89,681,22.88,208,6.99,129,4.33,29,0.97,7,0.24,4,0.13,4,0.13,4,0.13
NSW1,2026-01,2976,485,16.3,80,2.69,7,0.24,5,0.17,3,0.1,3,0.1,3,0.1,3,0.1,3,0.1
NSW1,2026-02,2688,272,10.12,44,1.64,7,0.26,2,0.07,1,0.04,1,0.04,1,0.04,0,0.0,0,0.0
NSW1,2026-03,2976,395,13.27,8,0.27,0,0.0,0,0.0,0,0.0,0,0.0,0,0.0,0,0.0,0,0.0
NSW1,2026-04,2880,541,18.78,62,2.15,14,0.49,0,0.0,0,0.0,0,0.0,0,0.0,0,0.0,0,0.0
NSW1,2026-05,2976,120,4.03,0,0.0,0,0.0,0,0.0,0,0.0,0,0.0,0,0.0,0,0.0,0,0.0
NSW1,2026-06,2880,30,1.04,0,0.0,0,0.0,0,0.0,0,0.0,0,0.0,0,0.0,0,0.0,0,0.0
NSW1,2026-07,2976,129,4.33,0,0.0,0,0.0,0,0.0,0,0.0,0,0.0,0,0.0,0,0.0,0,0.0
NSW1,2026-08,2976,203,6.82,2,0.07,0,0.0,0,0.0,0,0.0,0,0.0,0,0.0,0,0.0,0,0.0
QLD1,2019-05,2976,5,0.17,3,0.1,3,0.1,3,0.1,3,0.1,3,0.1,3,0.1,3,0.1,3,0.1
QLD1,2019-06,2880,30,1.04,26,0.9,25,0.87,25,0.87,25,0.87,25,0.87,25,0.87,24,0.83,24,0.83
QLD1,2019-07,2976,32,1.08,31,1.04,30,1.01,26,0.87,26,0.87,26,0.87,26,0.87,24,0.81,14,0.47
QLD1,2019-08,2976,230,7.73,195,6.55,191,6.42,166,5.58,159,5.34,120,4.03,111,3.73,108,3.63,52,1.75
QLD1,2019-09,2880,460,15.97,383,13.3,375,13.02,298,10.35,298,10.35,199,6.91,185,6.42,184,6.39,85,2.95
QLD1,2019-10,2976,192,6.45,184,6.18,172,5.78,160,5.38,155,5.21,118,3.97,59,1.98,58,1.95,13,0.44
QLD1,2019-11,2880,129,4.48,114,3.96,112,3.89,91,3.16,89,3.09,36,1.25,10,0.35,10,0.35,2,0.07
QLD1,2019-12,2976,1,0.03,0,0.0,0,0.0,0,0.0,0,0.0,0,0.0,0,0.0,0,0.0,0,0.0
QLD1,2020-01,2976,9,0.3,9,0.3,8,0.27,6,0.2,5,0.17,5,0.17,4,0.13,4,0.13,3,0.1
QLD1,2020-02,2784,0,0.0,0,0.0,0,0.0,0,0.0,0,0.0,0,0.0,0,0.0,0,0.0,0,0.0
QLD1,2020-03,2976,58,1.95,47,1.58,39,1.31,37,1.24,23,0.77,17,0.57,12,0.4,12,0.4,3,0.1
QLD1,2020-04,2880,58,2.01,35,1.22,25,0.87,10,0.35,4,0.14,4,0.14,3,0.1,3,0.1,0,0.0
QLD1,2020-05,2976,402,13.51,286,9.61,272,9.14,234,7.86,162,5.44,115,3.86,82,2.76,81,2.72,21,0.71
QLD1,2020-06,2880,437,15.17,198,6.88,171,5.94,153,5.31,42,1.46,39,1.35,30,1.04,30,1.04,0,0.0
QLD1,2020-07,2976,236,7.93,118,3.97,107,3.6,99,3.33,42,1.41,27,0.91,26,0.87,26,0.87,4,0.13
QLD1,2020-08,2976,735,24.7,635,21.34,607,20.4,503,16.9,236,7.93,114,3.83,83,2.79,83,2.79,4,0.13
QLD1,2020-09,2880,698,24.24,638,22.15,589,20.45,453,15.73,143,4.97,65,2.26,60,2.08,60,2.08,4,0.14
QLD1,2020-10,2976,497,16.7,394,13.24,366,12.3,323,10.85,120,4.03,68,2.28,65,2.18,63,2.12,14,0.47
QLD1,2020-11,2880,138,4.79,116,4.03,93,3.23,90,3.12,27,0.94,22,0.76,20,0.69,20,0.69,8,0.28
QLD1,2020-12,2976,13,0.44,10,0.34,8,0.27,8,0.27,3,0.1,3,0.1,3,0.1,3,0.1,1,0.03
QLD1,2021-01,2976,1,0.03,1,0.03,1,0.03,1,0.03,0,0.0,0,0.0,0,0.0,0,0.0,0,0.0
QLD1,2021-02,2688,0,0.0,0,0.0,0,0.0,0,0.0,0,0.0,0,0.0,0,0.0,0,0.0,0,0.0
QLD1,2021-03,2976,45,1.51,36,1.21,34,1.14,31,1.04,25,0.84,24,0.81,13,0.44,13,0.44,4,0.13
QLD1,2021-04,2880,357,12.4,247,8.58,216,7.5,179,6.22,121,4.2,103,3.58,81,2.81,77,2.67,17,0.59
QLD1,2021-05,2976,465,15.62,368,12.37,340,11.42,272,9.14,198,6.65,165,5.54,83,2.79,74,2.49,21,0.71
QLD1,2021-06,2880,202,7.01,148,5.14,142,4.93,76,2.64,57,1.98,47,1.63,43,1.49,42,1.46,17,0.59
QLD1,2021-07,2976,378,12.7,219,7.36,210,7.06,183,6.15,52,1.75,43,1.44,39,1.31,37,1.24,21,0.71
QLD1,2021-08,2976,694,23.32,477,16.03,412,13.84,354,11.9,115,3.86,78,2.62,59,1.98,56,1.88,15,0.5
QLD1,2021-09,2880,1262,43.82,960,33.33,867,30.1,764,26.53,390,13.54,316,10.97,180,6.25,164,5.69,80,2.78
QLD1,2021-10,2976,1081,36.32,936,31.45,913,30.68,833,27.99,358,12.03,259,8.7,201,6.75,156,5.24,54,1.81
QLD1,2021-11,2880,468,16.25,381,13.23,374,12.99,352,12.22,198,6.88,118,4.1,80,2.78,64,2.22,6,0.21
QLD1,2021-12,2976,105,3.53,67,2.25,58,1.95,52,1.75,5,0.17,0,0.0,0,0.0,0,0.0,0,0.0
QLD1,2022-01,2976,3,0.1,3,0.1,2,0.07,2,0.07,0,0.0,0,0.0,0,0.0,0,0.0,0,0.0
QLD1,2022-02,2688,82,3.05,56,2.08,47,1.75,41,1.53,6,0.22,0,0.0,0,0.0,0,0.0,0,0.0
QLD1,2022-03,2976,38,1.28,24,0.81,20,0.67,18,0.6,11,0.37,3,0.1,1,0.03,1,0.03,0,0.0
QLD1,2022-04,2880,8,0.28,4,0.14,3,0.1,3,0.1,2,0.07,2,0.07,2,0.07,1,0.03,1,0.03
QLD1,2022-05,2976,30,1.01,14,0.47,9,0.3,6,0.2,3,0.1,1,0.03,1,0.03,1,0.03,1,0.03
QLD1,2022-06,2880,184,6.39,94,3.26,79,2.74,59,2.05,40,1.39,12,0.42,5,0.17,5,0.17,0,0.0
QLD1,2022-07,2976,126,4.23,75,2.52,57,1.92,31,1.04,12,0.4,0,0.0,0,0.0,0,0.0,0,0.0
QLD1,2022-08,2976,907,30.48,803,26.98,729,24.5,673,22.61,591,19.86,310,10.42,100,3.36,63,2.12,13,0.44
QLD1,2022-09,2880,809,28.09,689,23.92,627,21.77,583,20.24,508,17.64,233,8.09,56,1.94,7,0.24,3,0.1
QLD1,2022-10,2976,383,12.87,331,11.12,288,9.68,270,9.07,225,7.56,149,5.01,63,2.12,10,0.34,3,0.1
QLD1,2022-11,2880,682,23.68,478,16.6,425,14.76,382,13.26,308,10.69,133,4.62,62,2.15,10,0.35,0,0.0
QLD1,2022-12,2976,1102,37.03,714,23.99,625,21.0,481,16.16,398,13.37,222,7.46,72,2.42,5,0.17,1,0.03
QLD1,2023-01,2976,292,9.81,208,6.99,183,6.15,153,5.14,115,3.86,50,1.68,13,0.44,0,0.0,0,0.0
QLD1,2023-02,2688,413,15.36,253,9.41,240,8.93,213,7.92,175,6.51,22,0.82,1,0.04,0,0.0,0,0.0
QLD1,2023-03,2976,453,15.22,338,11.36,315,10.58,284,9.54,209,7.02,28,0.94,22,0.74,21,0.71,19,0.64
QLD1,2023-04,2880,773,26.84,675,23.44,601,20.87,473,16.42,281,9.76,107,3.72,57,1.98,5,0.17,0,0.0
QLD1,2023-05,2976,730,24.53,567,19.05,458,15.39,272,9.14,109,3.66,1,0.03,0,0.0,0,0.0,0,0.0
QLD1,2023-06,2880,524,18.19,433,15.03,411,14.27,335,11.63,97,3.37,3,0.1,0,0.0,0,0.0,0,0.0
QLD1,2023-07,2976,1058,35.55,914,30.71,891,29.94,750,25.2,395,13.27,39,1.31,0,0.0,0,0.0,0,0.0
QLD1,2023-08,2976,2005,67.37,1839,61.79,1775,59.64,1423,47.82,1184,39.78,139,4.67,1,0.03,0,0.0,0,0.0
QLD1,2023-09,2880,2284,79.31,2113,73.37,2073,71.98,1339,46.49,1326,46.04,308,10.69,54,1.88,14,0.49,2,0.07
QLD1,2023-10,2976,2400,80.65,2236,75.13,2118,71.17,1479,49.7,1389,46.67,227,7.63,11,0.37,1,0.03,0,0.0
QLD1,2023-11,2880,1081,37.53,873,30.31,802,27.85,334,11.6,152,5.28,0,0.0,0,0.0,0,0.0,0,0.0
QLD1,2023-12,2976,1014,34.07,809,27.18,728,24.46,380,12.77,276,9.27,9,0.3,0,0.0,0,0.0,0,0.0
QLD1,2024-01,2976,246,8.27,156,5.24,116,3.9,18,0.6,2,0.07,0,0.0,0,0.0,0,0.0,0,0.0
QLD1,2024-02,2784,351,12.61,272,9.77,220,7.9,47,1.69,18,0.65,0,0.0,0,0.0,0,0.0,0,0.0
QLD1,2024-03,2976,629,21.14,475,15.96,400,13.44,60,2.02,29,0.97,0,0.0,0,0.0,0,0.0,0,0.0
QLD1,2024-04,2880,943,32.74,862,29.93,752,26.11,356,12.36,208,7.22,1,0.03,0,0.0,0,0.0,0,0.0
QLD1,2024-05,2976,1354,45.5,1267,42.57,998,33.53,682,22.92,527,17.71,111,3.73,53,1.78,51,1.71,35,1.18
QLD1,2024-06,2880,1209,41.98,1171,40.66,703,24.41,577,20.03,247,8.58,0,0.0,0,0.0,0,0.0,0,0.0
QLD1,2024-07,2976,998,33.53,904,30.38,580,19.49,509,17.1,274,9.21,2,0.07,0,0.0,0,0.0,0,0.0
QLD1,2024-08,2976,1515,50.91,1414,47.51,1134,38.1,1046,35.15,639,21.47,128,4.3,13,0.44,13,0.44,7,0.24
QLD1,2024-09,2880,2395,83.16,2334,81.04,2202,76.46,2100,72.92,1562,54.24,121,4.2,32,1.11,29,1.01,22,0.76
QLD1,2024-10,2976,2288,76.88,2252,75.67,2108,70.83,1942,65.26,1114,37.43,59,1.98,15,0.5,0,0.0,0,0.0
QLD1,2024-11,2880,1096,38.06,1070,37.15,956,33.19,779,27.05,65,2.26,9,0.31,6,0.21,5,0.17,4,0.14
QLD1,2024-12,2976,1089,36.59,1053,35.38,950,31.92,821,27.59,68,2.28,16,0.54,16,0.54,13,0.44,11,0.37
QLD1,2025-01,2976,1405,47.21,1375,46.2,1326,44.56,899,30.21,3,0.1,0,0.0,0,0.0,0,0.0,0,0.0
QLD1,2025-02,2688,1248,46.43,1228,45.68,1156,43.01,423,15.74,31,1.15,0,0.0,0,0.0,0,0.0,0,0.0
QLD1,2025-03,2976,1050,35.28,1000,33.6,915,30.75,151,5.07,0,0.0,0,0.0,0,0.0,0,0.0,0,0.0
QLD1,2025-04,2880,1284,44.58,1175,40.8,918,31.87,86,2.99,0,0.0,0,0.0,0,0.0,0,0.0,0,0.0
QLD1,2025-05,2976,740,24.87,672,22.58,294,9.88,36,1.21,0,0.0,0,0.0,0,0.0,0,0.0,0,0.0
QLD1,2025-06,2880,971,33.72,904,31.39,410,14.24,31,1.08,0,0.0,0,0.0,0,0.0,0,0.0,0,0.0
QLD1,2025-07,2976,1494,50.2,1302,43.75,343,11.53,123,4.13,45,1.51,0,0.0,0,0.0,0,0.0,0,0.0
QLD1,2025-08,2976,2087,70.13,1993,66.97,798,26.81,701,23.56,159,5.34,1,0.03,1,0.03,0,0.0,0,0.0
QLD1,2025-09,2880,2537,88.09,2416,83.89,965,33.51,515,17.88,109,3.78,40,1.39,34,1.18,32,1.11,23,0.8
QLD1,2025-10,2976,2297,77.18,2077,69.79,694,23.32,454,15.26,57,1.92,0,0.0,0,0.0,0,0.0,0,0.0
QLD1,2025-11,2880,2047,71.08,1586,55.07,406,14.1,117,4.06,3,0.1,0,0.0,0,0.0,0,0.0,0,0.0
QLD1,2025-12,2976,1718,57.73,756,25.4,187,6.28,104,3.49,1,0.03,0,0.0,0,0.0,0,0.0,0,0.0
QLD1,2026-01,2976,636,21.37,23,0.77,3,0.1,1,0.03,0,0.0,0,0.0,0,0.0,0,0.0,0,0.0
QLD1,2026-02,2688,514,19.12,41,1.53,21,0.78,6,0.22,0,0.0,0,0.0,0,0.0,0,0.0,0,0.0
QLD1,2026-03,2976,710,23.86,71,2.39,28,0.94,2,0.07,0,0.0,0,0.0,0,0.0,0,0.0,0,0.0
QLD1,2026-04,2880,1112,38.61,57,1.98,14,0.49,2,0.07,2,0.07,2,0.07,2,0.07,2,0.07,2,0.07
QLD1,2026-05,2976,550,18.48,5,0.17,4,0.13,0,0.0,0,0.0,0,0.0,0,0.0,0,0.0,0,0.0
QLD1,2026-06,2880,196,6.81,5,0.17,4,0.14,1,0.03,1,0.03,1,0.03,1,0.03,0,0.0,0,0.0
QLD1,2026-07,2976,666,22.38,0,0.0,0,0.0,0,0.0,0,0.0,0,0.0,0,0.0,0,0.0,0,0.0
QLD1,2026-08,2976,1013,34.04,25,0.84,3,0.1,0,0.0,0,0.0,0,0.0,0,0.0,0,0.0,0,0.0
SA1,2019-05,2976,109,3.66,89,2.99,87,2.92,87,2.92,33,1.11,33,1.11,33,1.11,33,1.11,33,1.11
SA1,2019-06,2880,53,1.84,31,1.08,31,1.08,31,1.08,31,1.08,31,1.08,31,1.08,22,0.76,22,0.76
SA1,2019-07,2976,163,5.48,116,3.9,110,3.7,104,3.49,74,2.49,68,2.28,67,2.25,56,1.88,55,1.85
SA1,2019-08,2976,412,13.84,338,11.36,337,11.32,334,11.22,277,9.31,272,9.14,188,6.32,174,5.85,129,4.33
SA1,2019-09,2880,423,14.69,360,12.5,358,12.43,352,12.22,313,10.87,308,10.69,198,6.88,195,6.77,188,6.53
SA1,2019-10,2976,482,16.2,341,11.46,326,10.95,321,10.79,300,10.08,296,9.95,275,9.24,263,8.84,260,8.74
SA1,2019-11,2880,425,14.76,362,12.57,358,12.43,356,12.36,343,11.91,332,11.53,248,8.61,243,8.44,242,8.4
SA1,2019-12,2976,151,5.07,59,1.98,48,1.61,43,1.44,35,1.18,34,1.14,24,0.81,22,0.74,22,0.74
SA1,2020-01,2976,197,6.62,126,4.23,120,4.03,120,4.03,48,1.61,42,1.41,42,1.41,36,1.21,36,1.21
SA1,2020-02,2784,362,13.0,361,12.97,360,12.93,358,12.86,199,7.15,178,6.39,177,6.36,171,6.14,168,6.03
SA1,2020-03,2976,110,3.7,79,2.65,77,2.59,76,2.55,67,2.25,67,2.25,62,2.08,62,2.08,60,2.02
SA1,2020-04,2880,194,6.74,98,3.4,81,2.81,60,2.08,28,0.97,27,0.94,24,0.83,23,0.8,21,0.73
SA1,2020-05,2976,149,5.01,59,1.98,47,1.58,39,1.31,28,0.94,22,0.74,21,0.71,20,0.67,18,0.6
SA1,2020-06,2880,33,1.15,26,0.9,22,0.76,21,0.73,11,0.38,9,0.31,9,0.31,9,0.31,5,0.17
SA1,2020-07,2976,76,2.55,58,1.95,48,1.61,45,1.51,19,0.64,17,0.57,17,0.57,16,0.54,9,0.3
SA1,2020-08,2976,356,11.96,282,9.48,280,9.41,276,9.27,120,4.03,118,3.97,54,1.81,47,1.58,44,1.48
SA1,2020-09,2880,925,32.12,785,27.26,776,26.94,738,25.62,377,13.09,340,11.81,297,10.31,296,10.28,277,9.62
SA1,2020-10,2976,662,22.24,564,18.95,539,18.11,525,17.64,320,10.75,278,9.34,256,8.6,255,8.57,245,8.23
SA1,2020-11,2880,554,19.24,458,15.9,447,15.52,438,15.21,245,8.51,207,7.19,140,4.86,139,4.83,134,4.65
SA1,2020-12,2976,995,33.43,841,28.26,808,27.15,781,26.24,481,16.16,387,13.0,320,10.75,315,10.58,312,10.48
SA1,2021-01,2976,967,32.49,813,27.32,749,25.17,661,22.21,346,11.63,283,9.51,239,8.03,228,7.66,225,7.56
SA1,2021-02,2688,920,34.23,807,30.02,762,28.35,737,27.42,396,14.73,304,11.31,246,9.15,239,8.89,237,8.82
SA1,2021-03,2976,627,21.07,560,18.82,533,17.91,491,16.5,285,9.58,273,9.17,265,8.9,264,8.87,264,8.87
SA1,2021-04,2880,497,17.26,360,12.5,322,11.18,233,8.09,130,4.51,105,3.65,64,2.22,62,2.15,58,2.01
SA1,2021-05,2976,291,9.78,259,8.7,241,8.1,198,6.65,106,3.56,71,2.39,42,1.41,37,1.24,34,1.14
SA1,2021-06,2880,233,8.09,167,5.8,151,5.24,110,3.82,78,2.71,75,2.6,74,2.57,73,2.53,71,2.47
SA1,2021-07,2976,455,15.29,377,12.67,339,11.39,246,8.27,131,4.4,110,3.7,78,2.62,77,2.59,75,2.52
SA1,2021-08,2976,1159,38.94,984,33.06,884,29.7,675,22.68,272,9.14,236,7.93,196,6.59,180,6.05,174,5.85
SA1,2021-09,2880,1804,62.64,1628,56.53,1459,50.66,1213,42.12,470,16.32,414,14.37,354,12.29,344,11.94,339,11.77
SA1,2021-10,2976,2411,81.01,2220,74.6,2085,70.06,1924,64.65,1378,46.3,795,26.71,558,18.75,530,17.81,453,15.22
SA1,2021-11,2880,1206,41.88,1111,38.58,1055,36.63,997,34.62,661,22.95,367,12.74,259,8.99,248,8.61,213,7.4
SA1,2021-12,2976,1499,50.37,1250,42.0,1161,39.01,1019,34.24,729,24.5,144,4.84,101,3.39,93,3.12,28,0.94
SA1,2022-01,2976,958,32.19,857,28.8,796,26.75,757,25.44,495,16.63,165,5.54,115,3.86,93,3.12,63,2.12
SA1,2022-02,2688,1112,41.37,1019,37.91,935,34.78,872,32.44,582,21.65,162,6.03,133,4.95,100,3.72,86,3.2
SA1,2022-03,2976,1086,36.49,950,31.92,792,26.61,706,23.72,563,18.92,312,10.48,259,8.7,245,8.23,241,8.1
SA1,2022-04,2880,721,25.03,666,23.12,635,22.05,605,21.01,514,17.85,234,8.12,193,6.7,188,6.53,187,6.49
SA1,2022-05,2976,651,21.88,641,21.54,631,21.2,624,20.97,505,16.97,212,7.12,187,6.28,179,6.01,171,5.75
SA1,2022-06,2880,419,14.55,407,14.13,392,13.61,384,13.33,293,10.17,128,4.44,103,3.58,101,3.51,89,3.09
SA1,2022-07,2976,682,22.92,675,22.68,634,21.3,626,21.03,460,15.46,315,10.58,162,5.44,156,5.24,152,5.11
SA1,2022-08,2976,1026,34.48,983,33.03,931,31.28,882,29.64,687,23.08,407,13.68,266,8.94,256,8.6,250,8.4
SA1,2022-09,2880,1296,45.0,1254,43.54,1171,40.66,1099,38.16,835,28.99,668,23.19,460,15.97,389,13.51,194,6.74
SA1,2022-10,2976,1576,52.96,1519,51.04,1452,48.79,1373,46.14,1150,38.64,998,33.53,849,28.53,559,18.78,359,12.06
SA1,2022-11,2880,1781,61.84,1672,58.06,1619,56.22,1547,53.72,1258,43.68,1144,39.72,985,34.2,526,18.26,435,15.1
SA1,2022-12,2976,2448,82.26,2346,78.83,2240,75.27,2143,72.01,1899,63.81,1653,55.54,1165,39.15,610,20.5,289,9.71
SA1,2023-01,2976,1747,58.7,1683,56.55,1626,54.64,1577,52.99,1360,45.7,1086,36.49,346,11.63,208,6.99,174,5.85
SA1,2023-02,2688,1716,63.84,1623,60.38,1544,57.44,1498,55.73,1104,41.07,661,24.59,208,7.74,182,6.77,169,6.29
SA1,2023-03,2976,1703,57.22,1591,53.46,1459,49.03,1389,46.67,1142,38.37,527,17.71,142,4.77,92,3.09,79,2.65
SA1,2023-04,2880,1211,42.05,1144,39.72,1061,36.84,988,34.31,841,29.2,385,13.37,246,8.54,232,8.06,229,7.95
SA1,2023-05,2976,459,15.42,438,14.72,409,13.74,376,12.63,339,11.39,189,6.35,77,2.59,65,2.18,62,2.08
SA1,2023-06,2880,855,29.69,803,27.88,746,25.9,704,24.44,640,22.22,433,15.03,213,7.4,84,2.92,67,2.33
SA1,2023-07,2976,1053,35.38,944,31.72,824,27.69,742,24.93,629,21.14,436,14.65,175,5.88,50,1.68,36,1.21
SA1,2023-08,2976,1187,39.89,1070,35.95,1000,33.6,943,31.69,867,29.13,610,20.5,294,9.88,231,7.76,231,7.76
SA1,2023-09,2880,2016,70.0,1910,66.32,1848,64.17,1808,62.78,1755,60.94,1314,45.62,476,16.53,322,11.18,299,10.38
SA1,2023-10,2976,2153,72.35,2088,70.16,1918,64.45,1864,62.63,1789,60.11,1247,41.9,514,17.27,394,13.24,364,12.23
SA1,2023-11,2880,1978,68.68,1919,66.63,1807,62.74,1751,60.8,1624,56.39,960,33.33,431,14.97,378,13.12,330,11.46
SA1,2023-12,2976,2020,67.88,1977,66.43,1921,64.55,1844,61.96,1702,57.19,1132,38.04,596,20.03,510,17.14,430,14.45
SA1,2024-01,2976,1926,64.72,1881,63.21,1724,57.93,1486,49.93,1348,45.3,890,29.91,495,16.63,424,14.25,381,12.8
SA1,2024-02,2784,2028,72.84,2005,72.02,1864,66.95,1762,63.29,1655,59.45,868,31.18,391,14.04,268,9.63,247,8.87
SA1,2024-03,2976,1435,48.22,1397,46.94,1255,42.17,1150,38.64,952,31.99,376,12.63,162,5.44,62,2.08,49,1.65
SA1,2024-04,2880,983,34.13,919,31.91,718,24.93,614,21.32,501,17.4,119,4.13,23,0.8,18,0.62,15,0.52
SA1,2024-05,2976,576,19.35,550,18.48,473,15.89,423,14.21,358,12.03,68,2.28,25,0.84,25,0.84,23,0.77
SA1,2024-06,2880,314,10.9,277,9.62,216,7.5,166,5.76,143,4.97,48,1.67,38,1.32,37,1.28,37,1.28
SA1,2024-07,2976,824,27.69,809,27.18,781,26.24,730,24.53,667,22.41,255,8.57,184,6.18,162,5.44,149,5.01
SA1,2024-08,2976,1654,55.58,1600,53.76,1555,52.25,1465,49.23,1272,42.74,370,12.43,182,6.12,137,4.6,128,4.3
SA1,2024-09,2880,2329,80.87,2154,74.79,2092,72.64,1981,68.78,1619,56.22,559,19.41,260,9.03,184,6.39,169,5.87
SA1,2024-10,2976,2762,92.81,2734,91.87,2704,90.86,2612,87.77,2262,76.01,1100,36.96,671,22.55,459,15.42,395,13.27
SA1,2024-11,2880,1878,65.21,1850,64.24,1784,61.94,1542,53.54,988,34.31,679,23.58,461,16.01,309,10.73,291,10.1
SA1,2024-12,2976,2262,76.01,2220,74.6,2106,70.77,1804,60.62,994,33.4,755,25.37,468,15.73,280,9.41,256,8.6
SA1,2025-01,2976,2099,70.53,2086,70.09,1929,64.82,1701,57.16,955,32.09,709,23.82,583,19.59,447,15.02,404,13.58
SA1,2025-02,2688,1934,71.95,1906,70.91,1827,67.97,1450,53.94,763,28.39,584,21.73,521,19.38,456,16.96,424,15.77
SA1,2025-03,2976,1688,56.72,1548,52.02,1431,48.08,786,26.41,450,15.12,353,11.86,335,11.26,320,10.75,269,9.04
SA1,2025-04,2880,1247,43.3,1113,38.65,920,31.94,200,6.94,124,4.31,45,1.56,39,1.35,36,1.25,34,1.18
SA1,2025-05,2976,980,32.93,930,31.25,646,21.71,206,6.92,148,4.97,122,4.1,115,3.86,99,3.33,97,3.26
SA1,2025-06,2880,618,21.46,557,19.34,359,12.47,153,5.31,107,3.72,97,3.37,82,2.85,68,2.36,64,2.22
SA1,2025-07,2976,1075,36.12,998,33.53,401,13.47,148,4.97,110,3.7,107,3.6,100,3.36,88,2.96,86,2.89
SA1,2025-08,2976,1273,42.78,1060,35.62,266,8.94,132,4.44,102,3.43,93,3.12,87,2.92,74,2.49,60,2.02
SA1,2025-09,2880,2127,73.85,1703,59.13,505,17.53,291,10.1,237,8.23,154,5.35,114,3.96,95,3.3,88,3.06
SA1,2025-10,2976,2352,79.03,2108,70.83,978,32.86,650,21.84,448,15.05,303,10.18,243,8.17,185,6.22,162,5.44
SA1,2025-11,2880,2659,92.33,2191,76.08,794,27.57,534,18.54,416,14.44,282,9.79,178,6.18,124,4.31,94,3.26
SA1,2025-12,2976,2634,88.51,1961,65.89,1238,41.6,1098,36.9,1037,34.85,936,31.45,706,23.72,637,21.4,602,20.23
SA1,2026-01,2976,2078,69.83,1207,40.56,722,24.26,661,22.21,612,20.56,546,18.35,307,10.32,245,8.23,214,7.19
SA1,2026-02,2688,1818,67.63,862,32.07,407,15.14,383,14.25,356,13.24,284,10.57,241,8.97,234,8.71,224,8.33
SA1,2026-03,2976,1824,61.29,1083,36.39,663,22.28,620,20.83,574,19.29,509,17.1,375,12.6,360,12.1,346,11.63
SA1,2026-04,2880,1559,54.13,527,18.3,202,7.01,178,6.18,163,5.66,133,4.62,76,2.64,47,1.63,42,1.46
SA1,2026-05,2976,545,18.31,15,0.5,2,0.07,2,0.07,1,0.03,0,0.0,0,0.0,0,0.0,0,0.0
SA1,2026-06,2880,621,21.56,26,0.9,0,0.0,0,0.0,0,0.0,0,0.0,0,0.0,0,0.0,0,0.0
SA1,2026-07,2976,660,22.18,200,6.72,89,2.99,67,2.25,62,2.08,48,1.61,30,1.01,27,0.91,13,0.44
SA1,2026-08,2976,873,29.33,143,4.81,56,1.88,50,1.68,40,1.34,35,1.18,23,0.77,22,0.74,22,0.74
TAS1,2019-05,2976,3,0.1,0,0.0,0,0.0,0,0.0,0,0.0,0,0.0,0,0.0,0,0.0,0,0.0
TAS1,2019-06,2880,0,0.0,0,0.0,0,0.0,0,0.0,0,0.0,0,0.0,0,0.0,0,0.0,0,0.0
TAS1,2019-07,2976,69,2.32,22,0.74,22,0.74,13,0.44,13,0.44,13,0.44,13,0.44,3,0.1,3,0.1
TAS1,2019-08,2976,134,4.5,104,3.49,5,0.17,2,0.07,2,0.07,2,0.07,2,0.07,1,0.03,1,0.03
TAS1,2019-09,2880,1,0.03,1,0.03,1,0.03,1,0.03,1,0.03,1,0.03,1,0.03,0,0.0,0,0.0
TAS1,2019-10,2976,3,0.1,2,0.07,1,0.03,0,0.0,0,0.0,0,0.0,0,0.0,0,0.0,0,0.0
TAS1,2019-11,2880,114,3.96,56,1.94,34,1.18,14,0.49,11,0.38,5,0.17,3,0.1,0,0.0,0,0.0
TAS1,2019-12,2976,134,4.5,81,2.72,28,0.94,24,0.81,19,0.64,17,0.57,17,0.57,1,0.03,1,0.03
TAS1,2020-01,2976,32,1.08,27,0.91,25,0.84,23,0.77,23,0.77,21,0.71,21,0.71,6,0.2,6,0.2
TAS1,2020-02,2784,110,3.95,9,0.32,7,0.25,7,0.25,6,0.22,6,0.22,6,0.22,2,0.07,2,0.07
TAS1,2020-03,2976,36,1.21,18,0.6,5,0.17,4,0.13,4,0.13,4,0.13,4,0.13,2,0.07,2,0.07
TAS1,2020-04,2880,140,4.86,46,1.6,27,0.94,7,0.24,5,0.17,1,0.03,1,0.03,0,0.0,0,0.0
TAS1,2020-05,2976,190,6.38,42,1.41,38,1.28,34,1.14,7,0.24,5,0.17,1,0.03,0,0.0,0,0.0
TAS1,2020-06,2880,13,0.45,3,0.1,3,0.1,1,0.03,1,0.03,1,0.03,0,0.0,0,0.0,0,0.0
TAS1,2020-07,2976,14,0.47,6,0.2,2,0.07,1,0.03,0,0.0,0,0.0,0,0.0,0,0.0,0,0.0
TAS1,2020-08,2976,24,0.81,5,0.17,4,0.13,4,0.13,1,0.03,0,0.0,0,0.0,0,0.0,0,0.0
TAS1,2020-09,2880,88,3.06,58,2.01,53,1.84,40,1.39,13,0.45,0,0.0,0,0.0,0,0.0,0,0.0
TAS1,2020-10,2976,240,8.06,123,4.13,107,3.6,87,2.92,70,2.35,52,1.75,51,1.71,2,0.07,1,0.03
TAS1,2020-11,2880,26,0.9,18,0.62,16,0.56,12,0.42,9,0.31,3,0.1,1,0.03,1,0.03,1,0.03
TAS1,2020-12,2976,218,7.33,150,5.04,147,4.94,136,4.57,78,2.62,35,1.18,7,0.24,3,0.1,3,0.1
TAS1,2021-01,2976,115,3.86,91,3.06,80,2.69,70,2.35,49,1.65,26,0.87,7,0.24,2,0.07,2,0.07
TAS1,2021-02,2688,144,5.36,97,3.61,84,3.12,76,2.83,32,1.19,20,0.74,5,0.19,0,0.0,0,0.0
TAS1,2021-03,2976,85,2.86,49,1.65,17,0.57,12,0.4,5,0.17,3,0.1,0,0.0,0,0.0,0,0.0
TAS1,2021-04,2880,171,5.94,26,0.9,16,0.56,14,0.49,5,0.17,3,0.1,1,0.03,0,0.0,0,0.0
TAS1,2021-05,2976,31,1.04,9,0.3,8,0.27,7,0.24,4,0.13,2,0.07,0,0.0,0,0.0,0,0.0
TAS1,2021-06,2880,77,2.67,54,1.88,47,1.63,38,1.32,5,0.17,5,0.17,5,0.17,0,0.0,0,0.0
TAS1,2021-07,2976,371,12.47,208,6.99,139,4.67,94,3.16,12,0.4,6,0.2,6,0.2,0,0.0,0,0.0
TAS1,2021-08,2976,891,29.94,465,15.62,336,11.29,102,3.43,10,0.34,5,0.17,1,0.03,0,0.0,0,0.0
TAS1,2021-09,2880,1306,45.35,613,21.28,365,12.67,178,6.18,11,0.38,4,0.14,0,0.0,0,0.0,0,0.0
TAS1,2021-10,2976,1665,55.95,768,25.81,573,19.25,210,7.06,39,1.31,2,0.07,1,0.03,0,0.0,0,0.0
TAS1,2021-11,2880,394,13.68,143,4.97,112,3.89,73,2.53,33,1.15,1,0.03,1,0.03,0,0.0,0,0.0
TAS1,2021-12,2976,147,4.94,122,4.1,87,2.92,11,0.37,9,0.3,0,0.0,0,0.0,0,0.0,0,0.0
TAS1,2022-01,2976,114,3.83,86,2.89,59,1.98,39,1.31,11,0.37,1,0.03,1,0.03,1,0.03,0,0.0
TAS1,2022-02,2688,136,5.06,117,4.35,89,3.31,71,2.64,20,0.74,0,0.0,0,0.0,0,0.0,0,0.0
TAS1,2022-03,2976,111,3.73,85,2.86,59,1.98,37,1.24,20,0.67,0,0.0,0,0.0,0,0.0,0,0.0
TAS1,2022-04,2880,191,6.63,169,5.87,126,4.38,96,3.33,31,1.08,0,0.0,0,0.0,0,0.0,0,0.0
TAS1,2022-05,2976,70,2.35,60,2.02,50,1.68,33,1.11,4,0.13,0,0.0,0,0.0,0,0.0,0,0.0
TAS1,2022-06,2880,1,0.03,1,0.03,1,0.03,1,0.03,1,0.03,0,0.0,0,0.0,0,0.0,0,0.0
TAS1,2022-07,2976,0,0.0,0,0.0,0,0.0,0,0.0,0,0.0,0,0.0,0,0.0,0,0.0,0,0.0
TAS1,2022-08,2976,39,1.31,21,0.71,15,0.5,10,0.34,3,0.1,0,0.0,0,0.0,0,0.0,0,0.0
TAS1,2022-09,2880,17,0.59,0,0.0,0,0.0,0,0.0,0,0.0,0,0.0,0,0.0,0,0.0,0,0.0
TAS1,2022-10,2976,454,15.26,381,12.8,318,10.69,223,7.49,106,3.56,52,1.75,26,0.87,7,0.24,4,0.13
TAS1,2022-11,2880,285,9.9,215,7.47,173,6.01,143,4.97,79,2.74,45,1.56,31,1.08,15,0.52,8,0.28
TAS1,2022-12,2976,81,2.72,59,1.98,46,1.55,33,1.11,11,0.37,1,0.03,0,0.0,0,0.0,0,0.0
TAS1,2023-01,2976,65,2.18,54,1.81,36,1.21,20,0.67,14,0.47,0,0.0,0,0.0,0,0.0,0,0.0
TAS1,2023-02,2688,33,1.23,26,0.97,25,0.93,24,0.89,17,0.63,0,0.0,0,0.0,0,0.0,0,0.0
TAS1,2023-03,2976,204,6.85,161,5.41,150,5.04,143,4.81,133,4.47,2,0.07,1,0.03,0,0.0,0,0.0
TAS1,2023-04,2880,30,1.04,20,0.69,17,0.59,9,0.31,5,0.17,0,0.0,0,0.0,0,0.0,0,0.0
TAS1,2023-05,2976,29,0.97,19,0.64,10,0.34,2,0.07,1,0.03,0,0.0,0,0.0,0,0.0,0,0.0
TAS1,2023-06,2880,399,13.85,227,7.88,178,6.18,23,0.8,7,0.24,0,0.0,0,0.0,0,0.0,0,0.0
TAS1,2023-07,2976,904,30.38,621,20.87,291,9.78,245,8.23,30,1.01,0,0.0,0,0.0,0,0.0,0,0.0
TAS1,2023-08,2976,582,19.56,296,9.95,148,4.97,97,3.26,22,0.74,0,0.0,0,0.0,0,0.0,0,0.0
TAS1,2023-09,2880,627,21.77,364,12.64,337,11.7,320,11.11,270,9.38,9,0.31,8,0.28,6,0.21,4,0.14
TAS1,2023-10,2976,244,8.2,189,6.35,161,5.41,141,4.74,98,3.29,6,0.2,5,0.17,0,0.0,0,0.0
TAS1,2023-11,2880,67,2.33,67,2.33,66,2.29,64,2.22,52,1.81,2,0.07,0,0.0,0,0.0,0,0.0
TAS1,2023-12,2976,239,8.03,229,7.69,208,6.99,201,6.75,159,5.34,2,0.07,1,0.03,0,0.0,0,0.0
TAS1,2024-01,2976,357,12.0,344,11.56,328,11.02,308,10.35,274,9.21,5,0.17,4,0.13,2,0.07,2,0.07
TAS1,2024-02,2784,261,9.38,237,8.51,222,7.97,210,7.54,164,5.89,14,0.5,14,0.5,11,0.4,11,0.4
TAS1,2024-03,2976,118,3.97,110,3.7,107,3.6,100,3.36,48,1.61,0,0.0,0,0.0,0,0.0,0,0.0
TAS1,2024-04,2880,28,0.97,25,0.87,22,0.76,13,0.45,4,0.14,0,0.0,0,0.0,0,0.0,0,0.0
TAS1,2024-05,2976,23,0.77,19,0.64,17,0.57,15,0.5,9,0.3,0,0.0,0,0.0,0,0.0,0,0.0
TAS1,2024-06,2880,1,0.03,1,0.03,0,0.0,0,0.0,0,0.0,0,0.0,0,0.0,0,0.0,0,0.0
TAS1,2024-07,2976,25,0.84,18,0.6,12,0.4,8,0.27,1,0.03,0,0.0,0,0.0,0,0.0,0,0.0
TAS1,2024-08,2976,145,4.87,96,3.23,74,2.49,44,1.48,16,0.54,0,0.0,0,0.0,0,0.0,0,0.0
TAS1,2024-09,2880,1448,50.28,197,6.84,178,6.18,152,5.28,124,4.31,1,0.03,0,0.0,0,0.0,0,0.0
TAS1,2024-10,2976,549,18.45,88,2.96,68,2.28,66,2.22,63,2.12,0,0.0,0,0.0,0,0.0,0,0.0
TAS1,2024-11,2880,262,9.1,258,8.96,249,8.65,234,8.12,192,6.67,9,0.31,3,0.1,1,0.03,0,0.0
TAS1,2024-12,2976,732,24.6,695,23.35,657,22.08,479,16.1,42,1.41,25,0.84,6,0.2,1,0.03,1,0.03
TAS1,2025-01,2976,231,7.76,231,7.76,219,7.36,213,7.16,173,5.81,130,4.37,0,0.0,0,0.0,0,0.0
TAS1,2025-02,2688,77,2.86,71,2.64,65,2.42,57,2.12,37,1.38,25,0.93,0,0.0,0,0.0,0,0.0
TAS1,2025-03,2976,52,1.75,35,1.18,24,0.81,14,0.47,4,0.13,0,0.0,0,0.0,0,0.0,0,0.0
TAS1,2025-04,2880,6,0.21,4,0.14,1,0.03,0,0.0,0,0.0,0,0.0,0,0.0,0,0.0,0,0.0
TAS1,2025-05,2976,42,1.41,37,1.24,27,0.91,16,0.54,0,0.0,0,0.0,0,0.0,0,0.0,0,0.0
TAS1,2025-06,2880,17,0.59,9,0.31,1,0.03,0,0.0,0,0.0,0,0.0,0,0.0,0,0.0,0,0.0
TAS1,2025-07,2976,0,0.0,0,0.0,0,0.0,0,0.0,0,0.0,0,0.0,0,0.0,0,0.0,0,0.0
TAS1,2025-08,2976,4,0.13,4,0.13,3,0.1,3,0.1,2,0.07,1,0.03,0,0.0,0,0.0,0,0.0
TAS1,2025-09,2880,594,20.62,28,0.97,20,0.69,18,0.62,6,0.21,3,0.1,0,0.0,0,0.0,0,0.0
TAS1,2025-10,2976,578,19.42,48,1.61,35,1.18,32,1.08,17,0.57,4,0.13,0,0.0,0,0.0,0,0.0
TAS1,2025-11,2880,165,5.73,50,1.74,18,0.62,15,0.52,15,0.52,15,0.52,3,0.1,3,0.1,1,0.03
TAS1,2025-12,2976,281,9.44,118,3.97,92,3.09,77,2.59,63,2.12,53,1.78,12,0.4,9,0.3,5,0.17
TAS1,2026-01,2976,14,0.47,2,0.07,0,0.0,0,0.0,0,0.0,0,0.0,0,0.0,0,0.0,0,0.0
TAS1,2026-02,2688,3,0.11,3,0.11,2,0.07,2,0.07,2,0.07,2,0.07,0,0.0,0,0.0,0,0.0
TAS1,2026-03,2976,5,0.17,4,0.13,0,0.0,0,0.0,0,0.0,0,0.0,0,0.0,0,0.0,0,0.0
TAS1,2026-04,2880,9,0.31,6,0.21,0,0.0,0,0.0,0,0.0,0,0.0,0,0.0,0,0.0,0,0.0
TAS1,2026-05,2976,0,0.0,0,0.0,0,0.0,0,0.0,0,0.0,0,0.0,0,0.0,0,0.0,0,0.0
TAS1,2026-06,2880,0,0.0,0,0.0,0,0.0,0,0.0,0,0.0,0,0.0,0,0.0,0,0.0,0,0.0
TAS1,2026-07,2976,194,6.52,8,0.27,0,0.0,0,0.0,0,0.0,0,0.0,0,0.0,0,0.0,0,0.0
TAS1,2026-08,2976,541,18.18,66,2.22,2,0.07,1,0.03,0,0.0,0,0.0,0,0.0,0,0.0,0,0.0
VIC1,2019-05,2976,2,0.07,1,0.03,1,0.03,0,0.0,0,0.0,0,0.0,0,0.0,0,0.0,0,0.0
VIC1,2019-06,2880,6,0.21,3,0.1,0,0.0,0,0.0,0,0.0,0,0.0,0,0.0,0,0.0,0,0.0
VIC1,2019-07,2976,42,1.41,21,0.71,19,0.64,14,0.47,4,0.13,4,0.13,4,0.13,1,0.03,1,0.03
VIC1,2019-08,2976,75,2.52,40,1.34,35,1.18,26,0.87,10,0.34,9,0.3,6,0.2,6,0.2,6,0.2
VIC1,2019-09,2880,13,0.45,8,0.28,8,0.28,4,0.14,3,0.1,2,0.07,1,0.03,1,0.03,1,0.03
VIC1,2019-10,2976,86,2.89,60,2.02,56,1.88,46,1.55,37,1.24,31,1.04,26,0.87,25,0.84,25,0.84
VIC1,2019-11,2880,71,2.47,22,0.76,19,0.66,17,0.59,16,0.56,14,0.49,10,0.35,8,0.28,8,0.28
VIC1,2019-12,2976,216,7.26,44,1.48,33,1.11,31,1.04,20,0.67,19,0.64,19,0.64,6,0.2,3,0.1
VIC1,2020-01,2976,179,6.01,124,4.17,119,4.0,119,4.0,72,2.42,41,1.38,41,1.38,35,1.18,35,1.18
VIC1,2020-02,2784,23,0.83,15,0.54,4,0.14,1,0.04,0,0.0,0,0.0,0,0.0,0,0.0,0,0.0
VIC1,2020-03,2976,20,0.67,7,0.24,3,0.1,3,0.1,0,0.0,0,0.0,0,0.0,0,0.0,0,0.0
VIC1,2020-04,2880,138,4.79,75,2.6,55,1.91,37,1.28,11,0.38,4,0.14,3,0.1,3,0.1,2,0.07
VIC1,2020-05,2976,72,2.42,30,1.01,15,0.5,11,0.37,2,0.07,1,0.03,1,0.03,1,0.03,0,0.0
VIC1,2020-06,2880,6,0.21,5,0.17,3,0.1,2,0.07,0,0.0,0,0.0,0,0.0,0,0.0,0,0.0
VIC1,2020-07,2976,13,0.44,7,0.24,3,0.1,1,0.03,0,0.0,0,0.0,0,0.0,0,0.0,0,0.0
VIC1,2020-08,2976,126,4.23,114,3.83,109,3.66,107,3.6,25,0.84,10,0.34,8,0.27,6,0.2,3,0.1
VIC1,2020-09,2880,285,9.9,225,7.81,206,7.15,177,6.15,97,3.37,7,0.24,3,0.1,3,0.1,2,0.07
VIC1,2020-10,2976,288,9.68,232,7.8,207,6.96,190,6.38,141,4.74,11,0.37,8,0.27,6,0.2,6,0.2
VIC1,2020-11,2880,232,8.06,179,6.22,170,5.9,151,5.24,74,2.57,8,0.28,3,0.1,3,0.1,3,0.1
VIC1,2020-12,2976,687,23.08,513,17.24,465,15.62,438,14.72,236,7.93,91,3.06,45,1.51,25,0.84,22,0.74
VIC1,2021-01,2976,776,26.08,644,21.64,580,19.49,530,17.81,178,5.98,68,2.28,22,0.74,2,0.07,2,0.07
VIC1,2021-02,2688,558,20.76,435,16.18,358,13.32,331,12.31,150,5.58,60,2.23,17,0.63,1,0.04,1,0.04
VIC1,2021-03,2976,256,8.6,171,5.75,122,4.1,87,2.92,19,0.64,7,0.24,1,0.03,0,0.0,0,0.0
VIC1,2021-04,2880,453,15.73,330,11.46,289,10.03,224,7.78,60,2.08,22,0.76,12,0.42,9,0.31,5,0.17
VIC1,2021-05,2976,219,7.36,189,6.35,174,5.85,141,4.74,60,2.02,13,0.44,8,0.27,1,0.03,0,0.0
VIC1,2021-06,2880,150,5.21,116,4.03,105,3.65,74,2.57,0,0.0,0,0.0,0,0.0,0,0.0,0,0.0
VIC1,2021-07,2976,428,14.38,363,12.2,334,11.22,274,9.21,73,2.45,53,1.78,15,0.5,7,0.24,5,0.17
VIC1,2021-08,2976,1015,34.11,870,29.23,749,25.17,587,19.72,120,4.03,83,2.79,30,1.01,22,0.74,14,0.47
VIC1,2021-09,2880,1567,54.41,1327,46.08,1055,36.63,803,27.88,146,5.07,87,3.02,25,0.87,14,0.49,5,0.17
VIC1,2021-10,2976,2071,69.59,1763,59.24,1508,50.67,1152,38.71,452,15.19,218,7.33,47,1.58,30,1.01,17,0.57
VIC1,2021-11,2880,878,30.49,757,26.28,665,23.09,567,19.69,108,3.75,41,1.42,17,0.59,15,0.52,13,0.45
VIC1,2021-12,2976,1303,43.78,1069,35.92,906,30.44,733,24.63,319,10.72,163,5.48,7,0.24,6,0.2,4,0.13
VIC1,2022-01,2976,654,21.98,526,17.67,413,13.88,333,11.19,108,3.63,40,1.34,8,0.27,6,0.2,5,0.17
VIC1,2022-02,2688,802,29.84,680,25.3,526,19.57,466,17.34,245,9.11,27,1.0,12,0.45,11,0.41,11,0.41
VIC1,2022-03,2976,1013,34.04,851,28.6,618,20.77,517,17.37,374,12.57,86,2.89,11,0.37,10,0.34,10,0.34
VIC1,2022-04,2880,454,15.76,408,14.17,351,12.19,313,10.87,210,7.29,18,0.62,0,0.0,0,0.0,0,0.0
VIC1,2022-05,2976,186,6.25,171,5.75,156,5.24,147,4.94,45,1.51,1,0.03,0,0.0,0,0.0,0,0.0
VIC1,2022-06,2880,105,3.65,81,2.81,58,2.01,41,1.42,5,0.17,0,0.0,0,0.0,0,0.0,0,0.0
VIC1,2022-07,2976,342,11.49,329,11.06,277,9.31,267,8.97,53,1.78,19,0.64,1,0.03,0,0.0,0,0.0
VIC1,2022-08,2976,737,24.76,677,22.75,593,19.93,535,17.98,217,7.29,56,1.88,28,0.94,19,0.64,17,0.57
VIC1,2022-09,2880,882,30.63,835,28.99,731,25.38,657,22.81,336,11.67,205,7.12,62,2.15,19,0.66,6,0.21
VIC1,2022-10,2976,1183,39.75,1103,37.06,994,33.4,930,31.25,495,16.63,374,12.57,193,6.49,81,2.72,41,1.38
VIC1,2022-11,2880,1575,54.69,1455,50.52,1296,45.0,1239,43.02,707,24.55,576,20.0,247,8.58,91,3.16,61,2.12
VIC1,2022-12,2976,2294,77.08,2165,72.75,1990,66.87,1877,63.07,1420,47.72,1102,37.03,605,20.33,238,8.0,151,5.07
VIC1,2023-01,2976,1666,55.98,1580,53.09,1493,50.17,1411,47.41,1050,35.28,858,28.83,314,10.55,160,5.38,134,4.5
VIC1,2023-02,2688,1647,61.27,1559,58.0,1448,53.87,1413,52.57,967,35.97,685,25.48,178,6.62,90,3.35,79,2.94
VIC1,2023-03,2976,1559,52.39,1429,48.02,1249,41.97,1184,39.78,936,31.45,606,20.36,43,1.44,33,1.11,28,0.94
VIC1,2023-04,2880,879,30.52,780,27.08,614,21.32,561,19.48,386,13.4,189,6.56,2,0.07,0,0.0,0,0.0
VIC1,2023-05,2976,230,7.73,191,6.42,131,4.4,104,3.49,67,2.25,25,0.84,0,0.0,0,0.0,0,0.0
VIC1,2023-06,2880,668,23.19,580,20.14,474,16.46,437,15.17,368,12.78,297,10.31,0,0.0,0,0.0,0,0.0
VIC1,2023-07,2976,962,32.33,832,27.96,663,22.28,579,19.46,465,15.62,347,11.66,31,1.04,7,0.24,4,0.13
VIC1,2023-08,2976,1003,33.7,839,28.19,678,22.78,603,20.26,497,16.7,322,10.82,3,0.1,0,0.0,0,0.0
VIC1,2023-09,2880,1935,67.19,1811,62.88,1742,60.49,1701,59.06,1670,57.99,1495,51.91,379,13.16,253,8.78,238,8.26
VIC1,2023-10,2976,1925,64.68,1802,60.55,1579,53.06,1508,50.67,1445,48.56,1111,37.33,296,9.95,208,6.99,188,6.32
VIC1,2023-11,2880,1820,63.19,1731,60.1,1574,54.65,1504,52.22,1395,48.44,1086,37.71,317,11.01,268,9.31,232,8.06
VIC1,2023-12,2976,1940,65.19,1887,63.41,1800,60.48,1746,58.67,1593,53.53,1373,46.14,419,14.08,365,12.26,337,11.32
VIC1,2024-01,2976,1772,59.54,1715,57.63,1444,48.52,1269,42.64,1152,38.71,967,32.49,507,17.04,354,11.9,337,11.32
VIC1,2024-02,2784,1723,61.89,1704,61.21,1546,55.53,1452,52.16,1408,50.57,1072,38.51,451,16.2,212,7.61,200,7.18
VIC1,2024-03,2976,1367,45.93,1318,44.29,1165,39.15,1049,35.25,929,31.22,473,15.89,221,7.43,56,1.88,54,1.81
VIC1,2024-04,2880,827,28.72,756,26.25,574,19.93,479,16.63,416,14.44,152,5.28,62,2.15,6,0.21,6,0.21
VIC1,2024-05,2976,370,12.43,336,11.29,290,9.74,242,8.13,208,6.99,63,2.12,16,0.54,3,0.1,3,0.1
VIC1,2024-06,2880,122,4.24,96,3.33,54,1.88,33,1.15,25,0.87,0,0.0,0,0.0,0,0.0,0,0.0
VIC1,2024-07,2976,259,8.7,232,7.8,203,6.82,177,5.95,130,4.37,34,1.14,1,0.03,0,0.0,0,0.0
VIC1,2024-08,2976,1246,41.87,1155,38.81,1052,35.35,988,33.2,628,21.1,299,10.05,93,3.12,4,0.13,2,0.07
VIC1,2024-09,2880,2106,73.12,1865,64.76,1778,61.74,1666,57.85,1291,44.83,625,21.7,251,8.72,40,1.39,37,1.28
VIC1,2024-10,2976,2612,87.77,2534,85.15,2465,82.83,2413,81.08,1900,63.84,1176,39.52,704,23.66,256,8.6,228,7.66
VIC1,2024-11,2880,1709,59.34,1680,58.33,1575,54.69,1346,46.74,839,29.13,636,22.08,476,16.53,173,6.01,146,5.07
VIC1,2024-12,2976,2096,70.43,2045,68.72,1916,64.38,1630,54.77,960,32.26,733,24.63,571,19.19,200,6.72,177,5.95
VIC1,2025-01,2976,1849,62.13,1821,61.19,1674,56.25,1501,50.44,847,28.46,610,20.5,395,13.27,143,4.81,137,4.6
VIC1,2025-02,2688,1430,53.2,1384,51.49,1256,46.73,974,36.24,428,15.92,234,8.71,127,4.72,23,0.86,12,0.45
VIC1,2025-03,2976,1210,40.66,1055,35.45,849,28.53,341,11.46,166,5.58,100,3.36,61,2.05,13,0.44,12,0.4
VIC1,2025-04,2880,1170,40.62,1040,36.11,879,30.52,257,8.92,111,3.85,35,1.22,1,0.03,0,0.0,0,0.0
VIC1,2025-05,2976,905,30.41,856,28.76,554,18.62,164,5.51,67,2.25,26,0.87,0,0.0,0,0.0,0,0.0
VIC1,2025-06,2880,181,6.28,151,5.24,16,0.56,1,0.03,1,0.03,1,0.03,0,0.0,0,0.0,0,0.0
VIC1,2025-07,2976,566,19.02,404,13.58,58,1.95,9,0.3,2,0.07,1,0.03,0,0.0,0,0.0,0,0.0
VIC1,2025-08,2976,712,23.92,439,14.75,20,0.67,3,0.1,2,0.07,1,0.03,1,0.03,1,0.03,1,0.03
VIC1,2025-09,2880,1922,66.74,1325,46.01,517,17.95,245,8.51,193,6.7,172,5.97,71,2.47,1,0.03,0,0.0
VIC1,2025-10,2976,2094,70.36,1721,57.83,808,27.15,457,15.36,261,8.77,221,7.43,57,1.92,9,0.3,3,0.1
VIC1,2025-11,2880,2536,88.06,2022,70.21,833,28.92,484,16.81,290,10.07,234,8.12,77,2.67,14,0.49,7,0.24
VIC1,2025-12,2976,2112,70.97,1508,50.67,1036,34.81,857,28.8,755,25.37,712,23.92,402,13.51,237,7.96,223,7.49
VIC1,2026-01,2976,1601,53.8,846,28.43,490,16.47,360,12.1,297,9.98,248,8.33,185,6.22,89,2.99,87,2.92
VIC1,2026-02,2688,1293,48.1,407,15.14,214,7.96,113,4.2,54,2.01,29,1.08,6,0.22,6,0.22,6,0.22
VIC1,2026-03,2976,1613,54.2,750,25.2,382,12.84,310,10.42,148,4.97,104,3.49,32,1.08,1,0.03,1,0.03
VIC1,2026-04,2880,1623,56.35,615,21.35,297,10.31,226,7.85,173,6.01,133,4.62,46,1.6,10,0.35,10,0.35
VIC1,2026-05,2976,637,21.4,32,1.08,1,0.03,0,0.0,0,0.0,0,0.0,0,0.0,0,0.0,0,0.0
VIC1,2026-06,2880,329,11.42,13,0.45,0,0.0,0,0.0,0,0.0,0,0.0,0,0.0,0,0.0,0,0.0
VIC1,2026-07,2976,420,14.11,37,1.24,23,0.77,19,0.64,13,0.44,11,0.37,10,0.34,8,0.27,8,0.27
VIC1,2026-08,2976,670,22.51,97,3.26,39,1.31,23,0.77,11,0.37,9,0.3,0,0.0,0,0.0,0,0.0
